YahooSymbol,Code,Company,Sector,is_reit
14D.AX,14D,1414 DEGREES LIMITED,Capital Goods,False
29M.AX,29M,29METALS LIMITED,Materials,False
T3D.AX,T3D,333D LIMITED,Commercial & Professional Services,False
TDO.AX,TDO,3D ENERGI LIMITED,Energy,False
3PL.AX,3PL,3P LEARNING LIMITED..,Consumer Services,False
4DX.AX,4DX,4DMEDICAL LIMITED,Health Care Equipment & Services,False
4DS.AX,4DS,4DS MEMORY LIMITED,Semiconductors & Semiconductor Equipment,False
5EA.AX,5EA,5E ADVANCED MATERIALS INC.,Materials,False
5GN.AX,5GN,5G NETWORKS LIMITED.,Software & Services,False
6KA.AX,6KA,"6K ADDITIVE, INC.",Materials,False
88E.AX,88E,88 ENERGY LIMITED,Energy,False
8CO.AX,8CO,8COMMON LIMITED,Software & Services,False
8IH.AX,8IH,8I HOLDINGS LTD,Financial Services,False
ABX.AX,ABX,ABX GROUP LIMITED,Materials,False
AKG.AX,AKG,ACADEMIES AUSTRALASIA GROUP LIMITED,Consumer Services,False
AX8.AX,AX8,ACCELERATE RESOURCES LIMITED,Materials,False
AX1.AX,AX1,ACCENT GROUP LIMITED,Consumer Discretionary Distribution & Retail,False
ACS.AX,ACS,ACCENT RESOURCES NL,Materials,False
ADC.AX,ADC,ACDC METALS LTD,Materials,False
ACF.AX,ACF,ACROW LIMITED,Capital Goods,False
ACR.AX,ACR,ACRUX LIMITED,"Pharmaceuticals, Biotechnology & Life Sciences",False
ACW.AX,ACW,ACTINOGEN MEDICAL LIMITED,"Pharmaceuticals, Biotechnology & Life Sciences",False
ATV.AX,ATV,ACTIVEPORT GROUP LTD,Software & Services,False
AIV.AX,AIV,ACTIVEX LIMITED,Materials,False
ACU.AX,ACU,ACUMENTIS GROUP LIMITED,Real Estate Management & Development,False
ACE.AX,ACE,ACUSENSUS LIMITED.,Software & Services,False
ADH.AX,ADH,ADAIRS LIMITED,Consumer Discretionary Distribution & Retail,False
1AD.AX,1AD,ADALTA LIMITED,"Pharmaceuticals, Biotechnology & Life Sciences",False
ADD.AX,ADD,ADAVALE RESOURCES LIMITED,Energy,False
ADG.AX,ADG,ADELONG GOLD LIMITED,Materials,False
AHE.AX,AHE,ADHERIS HEALTH LIMITED,Health Care Equipment & Services,False
ADR.AX,ADR,ADHERIUM LIMITED,Health Care Equipment & Services,False
AI1.AX,AI1,ADISYN LTD,Software & Services,False
ADY.AX,ADY,ADMIRALTY RESOURCES NL.,Materials,False
AD1.AX,AD1,ADNEO LIMITED,Media & Entertainment,False
ABY.AX,ABY,ADORE BEAUTY GROUP LIMITED,Consumer Discretionary Distribution & Retail,False
AHL.AX,AHL,ADRAD HOLDINGS LIMITED,Automobiles & Components,False
ADS.AX,ADS,ADSLOT LTD.,Software & Services,False
AVM.AX,AVM,ADVANCE METALS LIMITED,Materials,False
ANO.AX,ANO,ADVANCE ZINCTEK LIMITED,Materials,False
ABV.AX,ABV,ADVANCED BRAKING TECHNOLOGY LTD,Automobiles & Components,False
AEM.AX,AEM,ADVANCED ENERGY MINERALS LTD,Materials,False
AIH.AX,AIH,ADVANCED INNERGY HOLDINGS LIMITED,Capital Goods,False
AV1.AX,AV1,ADVERITAS LIMITED,Software & Services,False
ADX.AX,ADX,ADX ENERGY LTD,Energy,False
AER.AX,AER,AEERIS LTD,Media & Entertainment,False
AEI.AX,AEI,AERIS ENVIRONMENTAL LTD,Commercial & Professional Services,False
AIS.AX,AIS,AERIS RESOURCES LIMITED,Materials,False
AMX.AX,AMX,AEROMETREX LIMITED,Commercial & Professional Services,False
AFL.AX,AFL,AF LEGAL GROUP LTD,Commercial & Professional Services,False
A1G.AX,A1G,AFRICAN GOLD LTD.,Materials,False
AFP.AX,AFP,AFT PHARMACEUTICALS LIMITED,"Pharmaceuticals, Biotechnology & Life Sciences",False
AGL.AX,AGL,AGL ENERGY LIMITED.,Utilities,False
AMN.AX,AMN,AGRIMIN LIMITED,Materials,False
AGR.AX,AGR,AGUIA RESOURCES LIMITED,Materials,False
AIM.AX,AIM,AI-MEDIA TECHNOLOGIES LIMITED,Software & Services,False
A1M.AX,A1M,AIC MINES LIMITED,Materials,False
AGI.AX,AGI,AINSWORTH GAME TECHNOLOGY LIMITED,Consumer Services,False
AIZ.AX,AIZ,AIR NEW ZEALAND LIMITED,Transportation,False
ART.AX,ART,AIRTASKER LIMITED,Media & Entertainment,False
AJL.AX,AJL,AJ LUCAS GROUP LIMITED,Capital Goods,False
AKO.AX,AKO,AKORA RESOURCES LIMITED,Materials,False
AEG.AX,AEG,ALAND EQUITY GROUP LIMITED,Financial Services,False
AUQ.AX,AUQ,ALARA RESOURCES LIMITED,Materials,False
ALB.AX,ALB,ALBION RESOURCES LIMITED,Materials,False
ABR.AX,ABR,ALBRIGHT METALS LTD,Materials,False
ALY.AX,ALY,ALCHEMY RESOURCES LIMITED,Materials,False
ALC.AX,ALC,ALCIDION GROUP LIMITED,Health Care Equipment & Services,False
AAI.AX,AAI,ALCOA CORPORATION,Materials,False
ARN.AX,ARN,ALDORO RESOURCES LIMITED,Materials,False
AJX.AX,AJX,ALEXIUM INTERNATIONAL GROUP LIMITED,Materials,False
AAL.AX,AAL,ALFABS AUSTRALIA LIMITED,Capital Goods,False
1AI.AX,1AI,ALGORAE PHARMACEUTICALS LIMITED,"Pharmaceuticals, Biotechnology & Life Sciences",False
AQI.AX,AQI,ALICANTO MINERALS LIMITED,Materials,False
AQX.AX,AQX,ALICE QUEEN LIMITED,Materials,False
ALK.AX,ALK,ALKANE RESOURCES LIMITED,Materials,False
AQZ.AX,AQZ,ALLIANCE AVIATION SERVICES LIMITED,Transportation,False
AXN.AX,AXN,ALLIANCE NICKEL LIMITED,Materials,False
AGE.AX,AGE,ALLIGATOR ENERGY LIMITED,Energy,False
ALM.AX,ALM,ALMA METALS LIMITED,Energy,False
AII.AX,AII,ALMONTY INDUSTRIES INC.,Materials,False
A4N.AX,A4N,ALPHA HPA LIMITED,Materials,False
ALQ.AX,ALQ,ALS LIMITED,Commercial & Professional Services,False
ALR.AX,ALR,ALTAIR MINERALS LIMITED,Materials,False
AZI.AX,AZI,ALTAMIN LIMITED,Materials,False
ATC.AX,ATC,ALTECH BATTERIES LTD,Materials,False
ATH.AX,ATH,ALTERITY THERAPEUTICS LIMITED,"Pharmaceuticals, Biotechnology & Life Sciences",False
ATT.AX,ATT,ALTITUDE MINERALS LTD,Materials,False
ALV.AX,ALV,ALVO MINERALS LIMITED,Materials,False
AMA.AX,AMA,AMA GROUP LIMITED,Commercial & Professional Services,False
3DA.AX,3DA,AMAERO LTD,Capital Goods,False
AMO.AX,AMO,AMBERTECH LIMITED,Technology Hardware & Equipment,False
AMC.AX,AMC,AMCOR PLC,Materials,False
ARR.AX,ARR,AMERICAN RARE EARTHS LIMITED,Materials,False
AT4.AX,AT4,AMERICAN TUNGSTEN & ANTIMONY LTD,Materials,False
AMU.AX,AMU,AMERICAN URANIUM LTD,Materials,False
AW1.AX,AW1,AMERICAN WEST METALS LIMITED,Materials,False
AL3.AX,AL3,AML3D LIMITED,Capital Goods,False
AOV.AX,AOV,AMOTIV LIMITED,Automobiles & Components,False
AMP.AX,AMP,AMP LIMITED,Financial Services,False
ATX.AX,ATX,AMPLIA THERAPEUTICS LIMITED,"Pharmaceuticals, Biotechnology & Life Sciences",False
AEL.AX,AEL,AMPLITUDE ENERGY LIMITED,Energy,False
ALD.AX,ALD,AMPOL LIMITED,Energy,False
AN1.AX,AN1,ANAGENICS LIMITED,"Pharmaceuticals, Biotechnology & Life Sciences",False
ANR.AX,ANR,ANATARA LIFESCIENCES LTD,"Pharmaceuticals, Biotechnology & Life Sciences",False
ANX.AX,ANX,ANAX METALS LIMITED,Materials,False
ASL.AX,ASL,ANDEAN SILVER LIMITED,Materials,False
ADN.AX,ADN,ANDROMEDA METALS LIMITED,Materials,False
ATM.AX,ATM,ANEKA TAMBANG (PERSERO) TBK (PT),Materials,False
ANN.AX,ANN,ANSELL LIMITED,Health Care Equipment & Services,False
ASN.AX,ASN,ANSON RESOURCES LIMITED,Materials,False
AM5.AX,AM5,ANTARES METALS LIMITED,Materials,False
ADO.AX,ADO,ANTEOTECH LTD,"Pharmaceuticals, Biotechnology & Life Sciences",False
AVR.AX,AVR,ANTERIS TECHNOLOGIES GLOBAL CORP.,Health Care Equipment & Services,False
AAU.AX,AAU,ANTILLES GOLD LIMITED,Materials,False
AZY.AX,AZY,ANTIPA MINERALS LIMITED,Materials,False
ANZ.AX,ANZ,ANZ GROUP HOLDINGS LIMITED,Banks,False
APA.AX,APA,APA GROUP,Utilities,False
APC.AX,APC,APC MINERALS LIMITED,Materials,False
AHX.AX,AHX,APIAM ANIMAL HEALTH LIMITED,Health Care Equipment & Services,False
AON.AX,AON,APOLLO MINERALS LIMITED,Materials,False
APX.AX,APX,APPEN LIMITED,Software & Services,False
AQN.AX,AQN,AQUIRIAN LIMITED,Commercial & Professional Services,False
ARU.AX,ARU,ARAFURA RARE EARTHS LTD,Materials,False
ARB.AX,ARB,ARB CORPORATION LIMITED.,Automobiles & Components,False
ARC.AX,ARC,ARC FUNDS LIMITED,Financial Services,False
AM7.AX,AM7,ARCADIA MINERALS LIMITED,Materials,False
AXE.AX,AXE,ARCHER MATERIALS LIMITED,Semiconductors & Semiconductor Equipment,False
AR9.AX,AR9,ARCHTIS LIMITED,Software & Services,False
ARL.AX,ARL,ARDEA RESOURCES LIMITED,Materials,False
ADV.AX,ADV,ARDIDEN LTD,Materials,False
AGN.AX,AGN,ARGENICA THERAPEUTICS LIMITED,"Pharmaceuticals, Biotechnology & Life Sciences",False
RGT.AX,RGT,ARGENT BIOPHARMA LIMITED,"Pharmaceuticals, Biotechnology & Life Sciences",False
ARD.AX,ARD,ARGENT MINERALS LIMITED,Materials,False
AGY.AX,AGY,ARGOSY MINERALS LIMITED,Materials,False
ARA.AX,ARA,ARIADNE AUSTRALIA LIMITED,Commercial & Professional Services,False
AA2.AX,AA2,ARIANA RESOURCES PLC,Materials,False
ARI.AX,ARI,ARIKA RESOURCES LIMITED,Materials,False
ALL.AX,ALL,ARISTOCRAT LEISURE LIMITED,Consumer Services,False
AHK.AX,AHK,ARK MINES LIMITED,Materials,False
A1N.AX,A1N,ARN MEDIA LIMITED,Media & Entertainment,False
ARX.AX,ARX,AROA BIOSURGERY LIMITED,"Pharmaceuticals, Biotechnology & Life Sciences",False
ALA.AX,ALA,AROVELLA THERAPEUTICS LIMITED,"Pharmaceuticals, Biotechnology & Life Sciences",False
AMD.AX,AMD,ARROW MINERALS LTD,Materials,False
ARV.AX,ARV,ARTEMIS RESOURCES LIMITED,Materials,False
ATG.AX,ATG,ARTICORE GROUP LIMITED,Consumer Discretionary Distribution & Retail,False
AYA.AX,AYA,ARTRYA LIMITED,Health Care Equipment & Services,False
AAJ.AX,AAJ,ARUMA RESOURCES LIMITED,Materials,False
AS1.AX,AS1,ASARA RESOURCES LIMITED,Materials,False
AFA.AX,AFA,ASF GROUP LIMITED,Financial Services,False
ASH.AX,ASH,ASHLEY SERVICES GROUP LIMITED,Commercial & Professional Services,False
AZ9.AX,AZ9,ASIAN BATTERY METALS PLC,Materials,False
AS2.AX,AS2,ASKARI METALS LIMITED,Materials,False
ASP.AX,ASP,ASPERMONT LIMITED.,Media & Entertainment,False
AKM.AX,AKM,ASPIRE MINING LIMITED,Materials,False
ASV.AX,ASV,ASSET VISION CO LTD,Commercial & Professional Services,False
APL.AX,APL,ASSOCIATE GLOBAL PARTNERS LIMITED,Financial Services,False
AAR.AX,AAR,ASTRAL RESOURCES NL,Materials,False
ATR.AX,ATR,ASTRON LIMITED,Materials,False
ASX.AX,ASX,ASX LIMITED,Financial Services,False
AHN.AX,AHN,ATHENA RESOURCES LIMITED,Materials,False
A11.AX,A11,ATLANTIC LITHIUM LIMITED,Materials,False
ALX.AX,ALX,ATLAS ARTERIA,Transportation,False
ATP.AX,ATP,ATLAS PEARLS LTD,Consumer Durables & Apparel,False
AEU.AX,AEU,ATOMIC EAGLE LTD,Materials,False
AT1.AX,AT1,ATOMO DIAGNOSTICS LIMITED,Health Care Equipment & Services,False
AMS.AX,AMS,ATOMOS LIMITED,Consumer Durables & Apparel,False
ATA.AX,ATA,ATTURRA LIMITED,Software & Services,False
AUB.AX,AUB,AUB GROUP LIMITED,Insurance,False
AIA.AX,AIA,AUCKLAND INTERNATIONAL AIRPORT LIMITED,Transportation,False
CYB.AX,CYB,AUCYBER LIMITED,Software & Services,False
ACP.AX,ACP,AUDALIA RESOURCES LIMITED,Materials,False
AUA.AX,AUA,AUDEARA LIMITED,Consumer Durables & Apparel,False
AD8.AX,AD8,AUDINATE GROUP LIMITED,Technology Hardware & Equipment,False
AKP.AX,AKP,AUDIO PIXELS HOLDINGS LIMITED,Consumer Durables & Apparel,False
AUG.AX,AUG,AUGUSTUS MINERALS LIMITED,Materials,False
AKN.AX,AKN,AUKING MINING LIMITED,Materials,False
AUK.AX,AUK,AUMAKE LIMITED.,Consumer Discretionary Distribution & Retail,False
AAM.AX,AAM,AUMEGA METALS LTD,Materials,False
AEE.AX,AEE,AURA ENERGY LIMITED,Energy,False
AUV.AX,AUV,AURAVELLE METALS LIMITED,Materials,False
AKA.AX,AKA,AUREKA LIMITED,Materials,False
AMI.AX,AMI,AURELIA METALS LIMITED,Materials,False
AWJ.AX,AWJ,AURIC MINING LIMITED,Materials,False
AUR.AX,AUR,AURIS MINERALS LIMITED,Materials,False
AZJ.AX,AZJ,AURIZON HOLDINGS LIMITED,Transportation,False
1AE.AX,1AE,AURORA ENERGY METALS LIMITED,Materials,False
A3D.AX,A3D,AURORA LABS LIMITED,Capital Goods,False
AUE.AX,AUE,AURUM RESOURCES LIMITED,Materials,False
AUC.AX,AUC,AUSGOLD LIMITED,Materials,False
AOA.AX,AOA,AUSMON RESOURCES LIMITED,Materials,False
AQD.AX,AQD,AUSQUEST LIMITED,Materials,False
ABB.AX,ABB,AUSSIE BROADBAND LIMITED,Telecommunication Services,False
ASB.AX,ASB,AUSTAL LIMITED,Capital Goods,False
AHC.AX,AHC,AUSTCO HEALTHCARE LIMITED,Health Care Equipment & Services,False
ANG.AX,ANG,AUSTIN ENGINEERING LIMITED,Capital Goods,False
AYT.AX,AYT,AUSTIN METALS LIMITED,Materials,False
AGD.AX,AGD,AUSTRAL GOLD LIMITED,Materials,False
AR1.AX,AR1,AUSTRAL RESOURCES AUSTRALIA LTD,Materials,False
A8G.AX,A8G,AUSTRALASIAN METALS LIMITED,Materials,False
AYM.AX,AYM,AUSTRALIA UNITED MINING LIMITED,Materials,False
AAC.AX,AAC,AUSTRALIAN AGRICULTURAL COMPANY LIMITED.,"Food, Beverage & Tobacco",False
AAP.AX,AAP,AUSTRALIAN AGRICULTURAL PROJECTS LIMITED,"Food, Beverage & Tobacco",False
ABE.AX,ABE,AUSTRALIAN BOND EXCHANGE HOLDINGS LIMITED,Financial Services,False
ACL.AX,ACL,AUSTRALIAN CLINICAL LABS LIMITED,Health Care Equipment & Services,False
ACM.AX,ACM,AUSTRALIAN CRITICAL MINERALS LIMITED,Materials,False
AHF.AX,AHF,AUSTRALIAN DAIRY NUTRITIONALS LIMITED,"Food, Beverage & Tobacco",False
AEF.AX,AEF,AUSTRALIAN ETHICAL INVESTMENT LIMITED,Financial Services,False
AFG.AX,AFG,AUSTRALIAN FINANCE GROUP LTD,Financial Services,False
AGC.AX,AGC,AUSTRALIAN GOLD AND COPPER LTD,Materials,False
AUZ.AX,AUZ,AUSTRALIAN MINES LIMITED,Materials,False
AOK.AX,AOK,AUSTRALIAN OIL COMPANY LIMITED.,Energy,False
AQC.AX,AQC,AUSTRALIAN PACIFIC COAL LIMITED,Materials,False
AR3.AX,AR3,AUSTRALIAN RARE EARTHS LIMITED,Materials,False
ASQ.AX,ASQ,AUSTRALIAN SILICA QUARTZ GROUP LTD,Materials,False
ASM.AX,ASM,AUSTRALIAN STRATEGIC MATERIALS LIMITED,Materials,False
AVL.AX,AVL,AUSTRALIAN VANADIUM LIMITED,Materials,False
AVG.AX,AVG,AUSTRALIAN VINTAGE LTD,"Food, Beverage & Tobacco",False
ATS.AX,ATS,AUSTRALIS OIL & GAS LIMITED,Energy,False
ASG.AX,ASG,AUTOSPORTS GROUP LIMITED.,Consumer Discretionary Distribution & Retail,False
AVA.AX,AVA,AVA RISK GROUP LIMITED,Technology Hardware & Equipment,False
AVD.AX,AVD,AVADA GROUP LIMITED,Commercial & Professional Services,False
AVE.AX,AVE,AVECHO BIOTECHNOLOGY LIMITED,"Pharmaceuticals, Biotechnology & Life Sciences",False
AEV.AX,AEV,AVENIRA LIMITED,Materials,False
AVW.AX,AVW,AVIRA RESOURCES LTD,Materials,False
AVH.AX,AVH,AVITA MEDICAL INC.,"Pharmaceuticals, Biotechnology & Life Sciences",False
AXL.AX,AXL,AXEL REE LIMITED,Materials,False
AXP.AX,AXP,AXP ENERGY LIMITED,Energy,False
AXI.AX,AXI,AXTEC LIMITED,Real Estate Management & Development,False
BBN.AX,BBN,BABY BUNTING GROUP LIMITED,Consumer Discretionary Distribution & Retail,False
BPP.AX,BPP,BABYLON PUMP & POWER LIMITED,Capital Goods,False
BTI.AX,BTI,BAILADOR TECHNOLOGY INVESTMENTS LIMITED,Financial Services,False
BM1.AX,BM1,BALLARD MINING LIMITED,Materials,False
BMR.AX,BMR,BALLYMORE RESOURCES LIMITED,Materials,False
BOQ.AX,BOQ,BANK OF QUEENSLAND LIMITED.,Banks,False
BMN.AX,BMN,BANNERMAN ENERGY LTD,Energy,False
BAP.AX,BAP,BAPCOR LIMITED,Consumer Discretionary Distribution & Retail,False
BAK.AX,BAK,BARKLY RARE EARTHS LIMITED,Materials,False
BGD.AX,BGD,BARTON GOLD HOLDINGS LIMITED,Materials,False
BRY.AX,BRY,BARYS RESOURCES LIMITED,Materials,False
BSN.AX,BSN,BASIN ENERGY LIMITED,Energy,False
BAS.AX,BAS,BASS OIL LIMITED,Energy,False
BRL.AX,BRL,BATHURST RESOURCES LIMITED.,Materials,False
BM8.AX,BM8,BATTERY AGE MINERALS LTD,Materials,False
BMH.AX,BMH,BAUMART HOLDINGS LIMITED,Capital Goods,False
BMM.AX,BMM,BAYAN MINING AND MINERALS LIMITED,Materials,False
BDX.AX,BDX,BCAL DIAGNOSTICS LIMITED,"Pharmaceuticals, Biotechnology & Life Sciences",False
BCI.AX,BCI,BCI MINERALS LIMITED,Materials,False
BPT.AX,BPT,BEACH ENERGY LIMITED,Energy,False
BLX.AX,BLX,BEACON LIGHTING GROUP LIMITED,Consumer Discretionary Distribution & Retail,False
BCN.AX,BCN,BEACON MINERALS LIMITED,Materials,False
BCC.AX,BCC,BEAM COMMUNICATIONS HOLDINGS LIMITED,Technology Hardware & Equipment,False
BMT.AX,BMT,BEAMTREE HOLDINGS LIMITED,Health Care Equipment & Services,False
BTL.AX,BTL,BEETALOO ENERGY AUSTRALIA LIMITED,Energy,False
B4P.AX,B4P,BEFOREPAY GROUP LIMITED,Financial Services,False
BGA.AX,BGA,BEGA CHEESE LIMITED,"Food, Beverage & Tobacco",False
BRX.AX,BRX,BELARAROX LIMITED,Materials,False
BFG.AX,BFG,BELL FINANCIAL GROUP LIMITED,Financial Services,False
BVR.AX,BVR,BELLAVISTA RESOURCES LTD,Materials,False
BGL.AX,BGL,BELLEVUE GOLD LIMITED,Materials,False
BEN.AX,BEN,BENDIGO AND ADELAIDE BANK LIMITED,Banks,False
BNZ.AX,BNZ,BENZ MINING CORP.,Materials,False
BEO.AX,BEO,BEONIC LTD,Software & Services,False
BKY.AX,BKY,BERKELEY ENERGIA LIMITED,Energy,False
BEZ.AX,BEZ,BESRA GOLD INC.,Materials,False
BET.AX,BET,BETMAKERS TECHNOLOGY GROUP LTD,Consumer Services,False
BBT.AX,BBT,BETR ENTERTAINMENT LIMITED,Consumer Services,False
BWN.AX,BWN,BHAGWAN MARINE LIMITED,Transportation,False
BHP.AX,BHP,BHP GROUP LIMITED,Materials,False
BRI.AX,BRI,BIG RIVER INDUSTRIES LIMITED,Materials,False
BIM.AX,BIM,BINDI METALS LIMITED,Materials,False
BGT.AX,BGT,BIO-GENE TECHNOLOGY LTD,Materials,False
BIO.AX,BIO,BIOME AUSTRALIA LIMITED,Household & Personal Products,False
BIT.AX,BIT,BIOTRON LIMITED,"Pharmaceuticals, Biotechnology & Life Sciences",False
BXN.AX,BXN,BIOXYNE LIMITED,Household & Personal Products,False
BIS.AX,BIS,BISALLOY STEEL GROUP LIMITED,Materials,False
BKB.AX,BKB,BLACK BEAR MINERALS LIMITED,Materials,False
BCA.AX,BCA,BLACK CANYON LIMITED,Materials,False
BC8.AX,BC8,BLACK CAT SYNDICATE LIMITED,Materials,False
BHL.AX,BHL,BLACK HORSE MINING LIMITED,Materials,False
BPG.AX,BPG,BLACK PEARL GROUP LIMITED,Software & Services,False
BKT.AX,BKT,BLACK ROCK MINING LIMITED,Materials,False
BSX.AX,BSX,BLACKSTONE MINERALS LIMITED,Materials,False
BWF.AX,BWF,BLACKWALL LIMITED,Financial Services,False
BLZ.AX,BLZ,BLAZE MINERALS LIMITED,Energy,False
BB1.AX,BB1,BLINKLAB LIMITED,Health Care Equipment & Services,False
XYZ.AX,XYZ,"BLOCK, INC.",Financial Services,False
BLU.AX,BLU,BLUE ENERGY LIMITED.,Energy,False
BNL.AX,BNL,BLUE STAR HELIUM LIMITED,Energy,False
BSL.AX,BSL,BLUESCOPE STEEL LIMITED,Materials,False
BLG.AX,BLG,BLUGLASS LIMITED,Semiconductors & Semiconductor Equipment,False
BMC.AX,BMC,BMC MINERALS LTD.,Materials,False
BMG.AX,BMG,BMG RESOURCES LIMITED,Materials,False
BBC.AX,BBC,BNK BANKING CORPORATION LIMITED,Banks,False
BOA.AX,BOA,BOA RESOURCES LTD,Materials,False
BML.AX,BML,BOAB METALS LIMITED,Materials,False
BOL.AX,BOL,BOOM LOGISTICS LIMITED,Capital Goods,False
BOE.AX,BOE,BOSS ENERGY LTD,Energy,False
BTE.AX,BTE,BOTALA ENERGY LTD,Energy,False
BOT.AX,BOT,BOTANIX PHARMACEUTICALS LTD,"Pharmaceuticals, Biotechnology & Life Sciences",False
BOC.AX,BOC,BOUGAINVILLE COPPER LIMITED,Materials,False
BUY.AX,BUY,BOUNTY OIL & GAS NL,Energy,False
BCB.AX,BCB,BOWEN COKING COAL LIMITED,Materials,False
BPH.AX,BPH,BPH ENERGY LTD,Financial Services,False
BP8.AX,BP8,BPH GLOBAL LTD,"Pharmaceuticals, Biotechnology & Life Sciences",False
BPM.AX,BPM,BPM MINERALS LIMITED,Materials,False
BRN.AX,BRN,BRAINCHIP HOLDINGS LTD,Software & Services,False
BXB.AX,BXB,BRAMBLES LIMITED,Commercial & Professional Services,False
BVS.AX,BVS,BRAVURA SOLUTIONS LIMITED.,Software & Services,False
BCM.AX,BCM,BRAZILIAN CRITICAL MINERALS LIMITED,Materials,False
BRE.AX,BRE,BRAZILIAN RARE EARTHS LIMITED,Materials,False
BTM.AX,BTM,BREAKTHROUGH MINERALS LIMITED,Energy,False
BRG.AX,BRG,BREVILLE GROUP LIMITED,Consumer Durables & Apparel,False
BGE.AX,BGE,BRIDGE SAAS LIMITED,Software & Services,False
BTR.AX,BTR,BRIGHTSTAR RESOURCES LIMITED,Materials,False
BBL.AX,BBL,BRISBANE BRONCOS LIMITED,Media & Entertainment,False
BGP.AX,BGP,BRISCOE GROUP AUSTRALASIA LIMITED,Consumer Discretionary Distribution & Retail,False
BCK.AX,BCK,BROCKMAN MINING LIMITED,Materials,False
BHM.AX,BHM,BROKEN HILL MINES LIMITED,Materials,False
BRK.AX,BRK,BROOKSIDE ENERGY LIMITED,Energy,False
BSA.AX,BSA,BSA LIMITED,Commercial & Professional Services,False
BFL.AX,BFL,BSP FINANCIAL GROUP LIMITED,Banks,False
BUS.AX,BUS,BUBALUS RESOURCES LIMITED,Materials,False
BUB.AX,BUB,BUBS AUSTRALIA LIMITED,"Food, Beverage & Tobacco",False
BNR.AX,BNR,BULLETIN RESOURCES LIMITED,Materials,False
BDM.AX,BDM,BURGUNDY DIAMOND MINES LIMITED,Materials,False
BUR.AX,BUR,BURLEY MINERALS LTD,Materials,False
BRU.AX,BRU,BURU ENERGY LIMITED,Energy,False
BTN.AX,BTN,BUTN LIMITED,Financial Services,False
BUX.AX,BUX,BUXTON RESOURCES LIMITED,Materials,False
C29.AX,C29,C29 METALS LIMITED,Materials,False
CCM.AX,CCM,CADOUX LIMITED,Materials,False
CXL.AX,CXL,CALIX LIMITED,Materials,False
CMB.AX,CMB,CAMBIUM BIO LIMITED,"Pharmaceuticals, Biotechnology & Life Sciences",False
CHL.AX,CHL,CAMPLIFY HOLDINGS LIMITED,Transportation,False
CP8.AX,CP8,CANADIAN PHOSPHATE LIMITED,Materials,False
CAN.AX,CAN,CANN GROUP LIMITED,"Pharmaceuticals, Biotechnology & Life Sciences",False
CAE.AX,CAE,CANNINDAH RESOURCES LIMITED,Materials,False
CBY.AX,CBY,CANTERBURY RESOURCES LIMITED,Materials,False
CAY.AX,CAY,CANYON RESOURCES LIMITED,Materials,False
CAA.AX,CAA,CAPRAL LIMITED,Materials,False
CRS.AX,CRS,CAPRICE RESOURCES LTD,Materials,False
CMM.AX,CMM,CAPRICORN METALS LTD,Materials,False
CSC.AX,CSC,CAPSTONE COPPER CORP.,Materials,False
CAQ.AX,CAQ,CAQ HOLDINGS LIMITED,Real Estate Management & Development,False
CAR.AX,CAR,CAR GROUP LIMITED,Media & Entertainment,False
CVV.AX,CVV,CARAVEL MINERALS LIMITED,Materials,False
CRB.AX,CRB,CARBINE RESOURCES LIMITED,Materials,False
CG1.AX,CG1,CARBONXT GROUP LIMITED,Materials,False
CTQ.AX,CTQ,CARETEQ LIMITED,Health Care Equipment & Services,False
CMA.AX,CMA,CARMA LIMITED,Consumer Discretionary Distribution & Retail,False
CNB.AX,CNB,CARNABY RESOURCES LIMITED,Materials,False
CVN.AX,CVN,CARNARVON ENERGY LIMITED,Energy,False
CAV.AX,CAV,CARNAVALE RESOURCES LIMITED,Materials,False
CCE.AX,CCE,CARNEGIE CLEAN ENERGY LIMITED,Utilities,False
CCV.AX,CCV,CASH CONVERTERS INTERNATIONAL,Financial Services,False
CPN.AX,CPN,CASPIN RESOURCES LIMITED,Materials,False
CMD.AX,CMD,CASSIUS MINING LIMITED,Materials,False
CST.AX,CST,CASTILE RESOURCES LTD,Materials,False
CDT.AX,CDT,CASTLE MINERALS LIMITED,Materials,False
CTN.AX,CTN,CATALINA RESOURCES LTD,Materials,False
CYL.AX,CYL,CATALYST METALS LIMITED,Materials,False
CAT.AX,CAT,CATAPULT SPORTS LTD,Software & Services,False
CXU.AX,CXU,CAULDRON ENERGY LIMITED,Energy,False
CVR.AX,CVR,CAVALIER RESOURCES LIMITED,Materials,False
CAZ.AX,CAZ,CAZALY RESOURCES LIMITED,Materials,False
CWP.AX,CWP,CEDAR WOODS PROPERTIES LIMITED,Real Estate Management & Development,False
CLA.AX,CLA,CELSIUS RESOURCES LIMITED.,Materials,False
CTM.AX,CTM,CENTAURUS METALS LIMITED,Materials,False
CTP.AX,CTP,CENTRAL PETROLEUM LIMITED,Energy,False
CAF.AX,CAF,CENTREPOINT ALLIANCE LIMITED,Financial Services,False
CTT.AX,CTT,CETTIRE LIMITED,Consumer Discretionary Distribution & Retail,False
CGR.AX,CGR,CGN RESOURCES LIMITED,Materials,False
CHN.AX,CHN,CHALICE MINING LIMITED,Materials,False
CEL.AX,CEL,CHALLENGER GOLD LIMITED,Materials,False
CGF.AX,CGF,CHALLENGER LIMITED,Financial Services,False
CIA.AX,CIA,CHAMPION IRON LIMITED,Materials,False
CCA.AX,CCA,CHANGE FINANCIAL LIMITED,Financial Services,False
CHI.AX,CHI,CHANNEL INFRASTRUCTURE NZ LIMITED,Energy,False
CHR.AX,CHR,CHARGER METALS NL,Materials,False
CC9.AX,CC9,CHARIOT RESOURCES LTD,Materials,False
CMX.AX,CMX,CHEMX MATERIALS LIMITED,Materials,False
CHW.AX,CHW,CHILWA MINERALS LTD,Materials,False
CHM.AX,CHM,CHIMERIC THERAPEUTICS LIMITED,"Pharmaceuticals, Biotechnology & Life Sciences",False
CNU.AX,CNU,CHORUS LIMITED,Telecommunication Services,False
C79.AX,C79,CHRYSOS CORPORATION LIMITED,Commercial & Professional Services,False
CTO.AX,CTO,CITIGOLD CORPORATION LIMITED,Materials,False
CCX.AX,CCX,CITY CHIC COLLECTIVE LIMITED,Consumer Discretionary Distribution & Retail,False
CVL.AX,CVL,CIVMEC LIMITED,Capital Goods,False
CL8.AX,CL8,CL8 HOLDINGS LIMITED,Transportation,False
C7A.AX,C7A,CLARA RESOURCES AUSTRALIA LTD,Materials,False
CU6.AX,CU6,CLARITY PHARMACEUTICALS LTD,"Pharmaceuticals, Biotechnology & Life Sciences",False
CLZ.AX,CLZ,CLASSIC MINERALS LTD,Materials,False
CNQ.AX,CNQ,CLEAN TEQ WATER LIMITED,Commercial & Professional Services,False
CWY.AX,CWY,CLEANAWAY WASTE MANAGEMENT LIMITED,Commercial & Professional Services,False
CSX.AX,CSX,CLEANSPACE HOLDINGS LIMITED,Health Care Equipment & Services,False
CVW.AX,CVW,CLEARVIEW WEALTH LIMITED,Insurance,False
CPV.AX,CPV,CLEARVUE TECHNOLOGIES LIMITED,Capital Goods,False
COV.AX,COV,CLEO DIAGNOSTICS LTD,"Pharmaceuticals, Biotechnology & Life Sciences",False
CC5.AX,CC5,CLEVER CULTURE SYSTEMS LIMITED,Health Care Equipment & Services,False
CIW.AX,CIW,CLIME INVESTMENT MANAGEMENT LTD,Financial Services,False
CUV.AX,CUV,CLINUVEL PHARMACEUTICALS LIMITED,"Pharmaceuticals, Biotechnology & Life Sciences",False
CLG.AX,CLG,CLOSE THE LOOP LTD.,Commercial & Professional Services,False
CLV.AX,CLV,CLOVER CORPORATION LIMITED,Materials,False
CLU.AX,CLU,CLUEY LTD,Consumer Services,False
CEH.AX,CEH,COAST ENTERTAINMENT HOLDINGS LIMITED,Consumer Services,False
COB.AX,COB,COBALT BLUE HOLDINGS LIMITED,Materials,False
CBO.AX,CBO,COBRAM ESTATE OLIVES LIMITED,"Food, Beverage & Tobacco",False
CBE.AX,CBE,COBRE LIMITED,Materials,False
COH.AX,COH,COCHLEAR LIMITED,Health Care Equipment & Services,False
COD.AX,COD,CODA MINERALS LTD,Materials,False
CDA.AX,CDA,CODAN LIMITED,Technology Hardware & Equipment,False
CDE.AX,CDE,CODEIFAI LIMITED,Commercial & Professional Services,False
CDR.AX,CDR,CODRUS MINERALS LIMITED,Materials,False
COG.AX,COG,COG FINANCIAL SERVICES LIMITED,Financial Services,False
CGS.AX,CGS,COGSTATE LTD,Health Care Equipment & Services,False
CKA.AX,CKA,COKAL LIMITED,Materials,False
COL.AX,COL,COLES GROUP LIMITED.,Consumer Staples Distribution & Retail,False
CKF.AX,CKF,COLLINS FOODS LIMITED,Consumer Services,False
COI.AX,COI,COMET RIDGE LIMITED,Energy,False
CBA.AX,CBA,COMMONWEALTH BANK OF AUSTRALIA.,Banks,False
CCG.AX,CCG,COMMS GROUP LTD,Telecommunication Services,False
CF1.AX,CF1,COMPLII FINTECH SOLUTIONS LTD,Software & Services,False
CMP.AX,CMP,COMPUMEDICS LIMITED,Health Care Equipment & Services,False
CPU.AX,CPU,COMPUTERSHARE LIMITED.,Commercial & Professional Services,False
CND.AX,CND,CONDOR ENERGY LIMITED,Energy,False
CNJ.AX,CNJ,CONICO LTD,Materials,False
CML.AX,CML,CONNECTED MINERALS LIMITED,Technology Hardware & Equipment,False
CQT.AX,CQT,CONNEQT HEALTH LIMITED,Health Care Equipment & Services,False
CXZ.AX,CXZ,CONNEXION MOBILITY LTD,Software & Services,False
CRD.AX,CRD,CONRAD ASIA ENERGY LTD.,Energy,False
CR1.AX,CR1,CONSTELLATION RESOURCES LIMITED,Materials,False
CT1.AX,CT1,CONSTELLATION TECHNOLOGIES LIMITED,Technology Hardware & Equipment,False
CEN.AX,CEN,CONTACT ENERGY LIMITED,Utilities,False
CBL.AX,CBL,CONTROL BIONICS LIMITED,Health Care Equipment & Services,False
CPM.AX,CPM,COOPER METALS LIMITED,Materials,False
COY.AX,COY,COPPERMOLY LIMITED,Materials,False
CZN.AX,CZN,CORAZON MINING LIMITED,Materials,False
CR3.AX,CR3,CORE ENERGY MINERALS LTD,Materials,False
CXO.AX,CXO,CORE LITHIUM LTD,Materials,False
CR9.AX,CR9,CORELLA RESOURCES LTD,Materials,False
CRN.AX,CRN,CORONADO GLOBAL RESOURCES INC.,Materials,False
CTD.AX,CTD,CORPORATE TRAVEL MANAGEMENT LIMITED,Consumer Services,False
CMO.AX,CMO,COSMO METALS LIMITED,Materials,False
C1X.AX,C1X,COSMOS EXPLORATION LIMITED,Materials,False
COS.AX,COS,COSOL LIMITED,Software & Services,False
CUP.AX,CUP,COUNT LIMITED,Commercial & Professional Services,False
CYG.AX,CYG,COVENTRY GROUP LIMITED,Capital Goods,False
CGO.AX,CGO,CPT GLOBAL LIMITED,Software & Services,False
CCR.AX,CCR,CREDIT CLEAR LIMITED,Software & Services,False
CCP.AX,CCP,CREDIT CORP GROUP LIMITED,Financial Services,False
CRI.AX,CRI,CRITICA LIMITED,Materials,False
CMG.AX,CMG,CRITICAL MINERALS GROUP LIMITED,Materials,False
CRR.AX,CRR,CRITICAL RESOURCES LIMITED,Materials,False
CTE.AX,CTE,CRYOSITE LIMITED,"Pharmaceuticals, Biotechnology & Life Sciences",False
CSL.AX,CSL,CSL LIMITED,"Pharmaceuticals, Biotechnology & Life Sciences",False
CLX.AX,CLX,CTI LOGISTICS LIMITED,Transportation,False
CUE.AX,CUE,CUE ENERGY RESOURCES LIMITED,Energy,False
CUF.AX,CUF,CUFE LTD,Materials,False
CUL.AX,CUL,CULLEN RESOURCES LIMITED,Materials,False
CPO.AX,CPO,CULPEO MINERALS LIMITED,Materials,False
CVB.AX,CVB,CURVEBEAM AI LIMITED,Health Care Equipment & Services,False
CCL.AX,CCL,CUSCAL LIMITED,Financial Services,False
CVC.AX,CVC,CVC LIMITED,Financial Services,False
CYQ.AX,CYQ,CYCLIQ GROUP LTD,Consumer Durables & Apparel,False
CYC.AX,CYC,CYCLOPHARM LIMITED,Health Care Equipment & Services,False
CY5.AX,CY5,CYGNUS METALS LIMITED,Materials,False
CYP.AX,CYP,CYNATA THERAPEUTICS LIMITED,"Pharmaceuticals, Biotechnology & Life Sciences",False
CYM.AX,CYM,CYPRIUM METALS LIMITED,Materials,False
CZR.AX,CZR,CZR RESOURCES LTD,Materials,False
D3E.AX,D3E,D3 ENERGY LIMITED,Energy,False
DAL.AX,DAL,DALAROO METALS LTD,Materials,False
DBI.AX,DBI,DALRYMPLE BAY INFRASTRUCTURE LIMITED,Transportation,False
DTM.AX,DTM,DART MINING NL,Materials,False
DTL.AX,DTL,DATA#3 LIMITED,Software & Services,False
DDT.AX,DDT,DATADOT TECHNOLOGY LIMITED,Automobiles & Components,False
DWG.AX,DWG,DATAWORKS GROUP LIMITED,Software & Services,False
DTR.AX,DTR,DATELINE RESOURCES LIMITED,Materials,False
DEM.AX,DEM,DE.MEM LIMITED,Utilities,False
DAI.AX,DAI,DECIDR AI INDUSTRIES LTD,"Food, Beverage & Tobacco",False
DYL.AX,DYL,DEEP YELLOW LIMITED,Energy,False
DEL.AX,DEL,DELOREAN CORPORATION LIMITED,Utilities,False
DLI.AX,DLI,DELTA LITHIUM LIMITED,Materials,False
DGH.AX,DGH,DESANE GROUP HOLDINGS LIMITED,Real Estate Management & Development,False
DM1.AX,DM1,DESERT METALS LIMITED,Materials,False
DSM.AX,DSM,DESERT MINERALS LTD,Materials,False
DES.AX,DES,DESOTO RESOURCES LIMITED,Materials,False
DRR.AX,DRR,DETERRA ROYALTIES LIMITED,Materials,False
DVP.AX,DVP,DEVELOP GLOBAL LIMITED,Materials,False
DEV.AX,DEV,DEVEX RESOURCES LIMITED,Energy,False
DGL.AX,DGL,DGL GROUP LIMITED,Materials,False
DGR.AX,DGR,DGR GLOBAL LIMITED,Materials,False
DBO.AX,DBO,DIABLO RESOURCES LIMITED,Materials,False
DRX.AX,DRX,DIATREME RESOURCES LIMITED,Materials,False
DDR.AX,DDR,DICKER DATA LIMITED,Technology Hardware & Equipment,False
DCC.AX,DCC,DIGITALX LIMITED,Software & Services,False
DXB.AX,DXB,DIMERIX LIMITED,"Pharmaceuticals, Biotechnology & Life Sciences",False
DAF.AX,DAF,DISCOVERY ALASKA LIMITED,Materials,False
DOC.AX,DOC,DOCTOR CARE ANYWHERE GROUP PLC,Health Care Equipment & Services,False
DME.AX,DME,DOME GOLD MINES LIMITED,Materials,False
DMP.AX,DMP,DOMINO'S PIZZA ENTERPRISES LIMITED,Consumer Services,False
DVL.AX,DVL,DORSAVI LTD,"Pharmaceuticals, Biotechnology & Life Sciences",False
DTZ.AX,DTZ,DOTZ NANO LIMITED,Technology Hardware & Equipment,False
DOW.AX,DOW,DOWNER EDI LIMITED,Commercial & Professional Services,False
DPM.AX,DPM,DPM METALS INC.,Materials,False
DMG.AX,DMG,DRAGON MOUNTAIN GOLD LIMITED,Materials,False
DRE.AX,DRE,DREADNOUGHT RESOURCES LTD,Materials,False
DRO.AX,DRO,DRONESHIELD LIMITED,Capital Goods,False
DTI.AX,DTI,DTI GROUP LTD,Technology Hardware & Equipment,False
DUB.AX,DUB,DUBBER CORPORATION LIMITED,Software & Services,False
DUG.AX,DUG,DUG TECHNOLOGY LTD,Software & Services,False
DKM.AX,DKM,DUKETON MINING LIMITED,Materials,False
DUN.AX,DUN,DUNDAS MINERALS LIMITED,Materials,False
DUR.AX,DUR,DURATEC LIMITED,Capital Goods,False
DSK.AX,DSK,DUSK GROUP LIMITED,Consumer Discretionary Distribution & Retail,False
DBF.AX,DBF,DUXTON FARMS LTD,"Food, Beverage & Tobacco",False
DXN.AX,DXN,DXN LIMITED,Software & Services,False
DYM.AX,DYM,DYNAMIC METALS LIMITED,Materials,False
DNL.AX,DNL,DYNO NOBEL LIMITED.,Materials,False
E79.AX,E79,E79 GOLD MINES LIMITED,Materials,False
APE.AX,APE,EAGERS AUTOMOTIVE LIMITED,Consumer Discretionary Distribution & Retail,False
EM2.AX,EM2,EAGLE MOUNTAIN MINING LIMITED,Materials,False
EPY.AX,EPY,EARLYPAY LTD,Financial Services,False
EE1.AX,EE1,EARTHS ENERGY LIMITED,Materials,False
EGA.AX,EGA,EASTERN GAS CORPORATION LIMITED,Energy,False
EFE.AX,EFE,EASTERN RESOURCES LIMITED,Materials,False
EBO.AX,EBO,EBOS GROUP LIMITED,Health Care Equipment & Services,False
EBR.AX,EBR,EBR SYSTEMS INC.,Health Care Equipment & Services,False
ECH.AX,ECH,ECHELON RESOURCES LIMITED,Energy,False
EIQ.AX,EIQ,ECHOIQ LIMITED,Software & Services,False
EPM.AX,EPM,ECLIPSE METALS LIMITED.,Energy,False
EGR.AX,EGR,ECOGRAF LIMITED,Materials,False
ECS.AX,ECS,ECS BOTANICS HOLDINGS LTD,"Pharmaceuticals, Biotechnology & Life Sciences",False
EDE.AX,EDE,EDEN INNOVATIONS LTD,Energy,False
EDU.AX,EDU,EDU HOLDINGS LIMITED,Consumer Services,False
ENN.AX,ENN,ELANOR INVESTORS GROUP,Consumer Services,False
ELD.AX,ELD,ELDERS LIMITED,"Food, Beverage & Tobacco",False
EOS.AX,EOS,ELECTRO OPTIC SYSTEMS HOLDINGS LIMITED,Capital Goods,False
E25.AX,E25,ELEMENT 25 LIMITED,Materials,False
ELT.AX,ELT,ELEMENTOS LIMITED,Materials,False
EL8.AX,EL8,ELEVATE URANIUM LTD,Energy,False
ELV.AX,ELV,ELEVRA LITHIUM LIMITED,Materials,False
EXL.AX,EXL,ELIXINOL WELLNESS LIMITED,Household & Personal Products,False
EXR.AX,EXR,ELIXIR ENERGY LIMITED,Energy,False
ELS.AX,ELS,ELSIGHT LIMITED,Technology Hardware & Equipment,False
EVO.AX,EVO,EMBARK EARLY EDUCATION LIMITED,Consumer Services,False
EMB.AX,EMB,EMBELTON LIMITED,Capital Goods,False
EM3.AX,EM3,EMC GOLD CORPORATION,Materials,False
EHL.AX,EHL,EMECO HOLDINGS LIMITED,Capital Goods,False
EMR.AX,EMR,EMERALD RESOURCES NL,Materials,False
EMA.AX,EMA,EMINENCE MINERALS LIMITED,Materials,False
EML.AX,EML,EML PAYMENTS LIMITED,Financial Services,False
ERM.AX,ERM,EMMERSON RESOURCES LIMITED,Materials,False
EMP.AX,EMP,EMPEROR ENERGY LIMITED,Energy,False
ERL.AX,ERL,EMPIRE RESOURCES LIMITED,Materials,False
EMU.AX,EMU,EMU NL,Materials,False
EMV.AX,EMV,EMVISION MEDICAL DEVICES LTD,Health Care Equipment & Services,False
EMD.AX,EMD,EMYRIA LIMITED,Health Care Equipment & Services,False
ENR.AX,ENR,ENCOUNTER RESOURCES LIMITED,Materials,False
EDV.AX,EDV,ENDEAVOUR GROUP LIMITED,Consumer Staples Distribution & Retail,False
ERG.AX,ERG,ENECO REFRESH LTD,"Food, Beverage & Tobacco",False
ENX.AX,ENX,ENEGEX LIMITED,Materials,False
EAX.AX,EAX,ENERGY ACTION LIMITED,Commercial & Professional Services,False
EME.AX,EME,ENERGY METALS LTD,Energy,False
EOL.AX,EOL,ENERGY ONE LIMITED,Software & Services,False
ERA.AX,ERA,ENERGY RESOURCES OF AUSTRALIA LIMITED,Energy,False
EGY.AX,EGY,ENERGY TECHNOLOGIES LIMITED,Capital Goods,False
ETM.AX,ETM,ENERGY TRANSITION MINERALS LTD,Materials,False
EWC.AX,EWC,ENERGY WORLD CORPORATION LTD,Utilities,False
EGG.AX,EGG,ENERO GROUP LIMITED,Media & Entertainment,False
ENL.AX,ENL,ENLITIC INC.,Health Care Equipment & Services,False
ENV.AX,ENV,ENOVA MINING LIMITED,Materials,False
ENT.AX,ENT,ENTERPRISE METALS LIMITED,Materials,False
ENP.AX,ENP,ENTROPY NEURODYNAMICS LIMITED,"Pharmaceuticals, Biotechnology & Life Sciences",False
ECT.AX,ECT,ENVIRONMENTAL CLEAN TECHNOLOGIES LIMITED.,Commercial & Professional Services,False
EGL.AX,EGL,ENVIRONMENTAL GROUP LIMITED (THE),Capital Goods,False
EPI.AX,EPI,EPIMINDER LIMITED,Health Care Equipment & Services,False
EPN.AX,EPN,EPSILON HEALTHCARE LIMITED,"Pharmaceuticals, Biotechnology & Life Sciences",False
EPX.AX,EPX,EPX LIMITED,Software & Services,False
EQR.AX,EQR,EQ RESOURCES LIMITED,Materials,False
EQT.AX,EQT,EQT HOLDINGS LIMITED,Financial Services,False
EQX.AX,EQX,EQUATORIAL RESOURCES LIMITED,Materials,False
EQU.AX,EQU,EQUUS ENERGY LIMITED,Energy,False
ERD.AX,ERD,EROAD LIMITED,Technology Hardware & Equipment,False
ESR.AX,ESR,ESTRELLA RESOURCES LIMITED,Materials,False
ESK.AX,ESK,ETHERSTACK PLC,Software & Services,False
EGH.AX,EGH,EUREKA GROUP HOLDINGS LIMITED,Real Estate Management & Development,False
EMN.AX,EMN,EURO MANGANESE INC,Materials,False
EUR.AX,EUR,EUROPEAN LITHIUM LIMITED,Materials,False
EMH.AX,EMH,EUROPEAN METALS HOLDINGS LIMITED,Materials,False
ERE.AX,ERE,EUROPEAN RESOURCES LIMITED,Materials,False
EZL.AX,EZL,EUROZ HARTLEYS GROUP LIMITED,Financial Services,False
EVR.AX,EVR,EV RESOURCES LTD,Materials,False
EVE.AX,EVE,EVE HEALTH GROUP LIMITED.,Financial Services,False
EMC.AX,EMC,EVEREST METALS CORPORATION LTD,Materials,False
EG1.AX,EG1,EVERGOLD MINERALS LIMITED,Materials,False
EV8.AX,EV8,EVERLAST MINERALS LTD.,Materials,False
EVG.AX,EVG,EVION GROUP NL,Materials,False
EV1.AX,EV1,EVOLUTION ENERGY MINERALS LIMITED,Materials,False
EVN.AX,EVN,EVOLUTION MINING LIMITED,Materials,False
EVT.AX,EVT,EVT LIMITED,Media & Entertainment,False
EVZ.AX,EVZ,EVZ LIMITED,Capital Goods,False
ECL.AX,ECL,EXCELSIOR CAPITAL LTD,Capital Goods,False
EXT.AX,EXT,EXCITE TECHNOLOGY SERVICES LTD,Software & Services,False
EXP.AX,EXP,EXPERIENCE CO LIMITED,Consumer Services,False
10X.AX,10X,EXULTANT MINING LIMITED,Materials,False
EZZ.AX,EZZ,EZZ LIFE SCIENCE HOLDINGS LIMITED,Consumer Discretionary Distribution & Retail,False
FAL.AX,FAL,FALCON METALS LTD,Materials,False
FEG.AX,FEG,FAR EAST GOLD LTD,Materials,False
FAR.AX,FAR,FAR LIMITED,Energy,False
FNR.AX,FNR,FAR NORTHERN RESOURCES LIMITED,Materials,False
FRM.AX,FRM,FARM PRIDE FOODS LIMITED,"Food, Beverage & Tobacco",False
FFG.AX,FFG,FATFISH GROUP LIMITED,Financial Services,False
FBR.AX,FBR,FBR LTD,Capital Goods,False
FXG.AX,FXG,FELIX GOLD LIMITED,Materials,False
FLX.AX,FLX,FELIX GROUP HOLDINGS LTD,Software & Services,False
FEX.AX,FEX,FENIX RESOURCES LTD,Materials,False
FFI.AX,FFI,FFI HOLDINGS LIMITED,"Food, Beverage & Tobacco",False
FID.AX,FID,FIDUCIAN GROUP LIMITED,Financial Services,False
FIN.AX,FIN,FIN RESOURCES LIMITED,Materials,False
FRI.AX,FRI,FINBAR GROUP LIMITED,Real Estate Management & Development,False
FDR.AX,FDR,FINDER ENERGY HOLDINGS LIMITED,Energy,False
FND.AX,FND,FINDI LIMITED,Software & Services,False
FCL.AX,FCL,FINEOS CORPORATION HOLDINGS PLC,Software & Services,False
FNX.AX,FNX,FINEXIA FINANCIAL GROUP LIMITED,Financial Services,False
FRB.AX,FRB,FIREBIRD METALS LIMITED,Materials,False
FRE.AX,FRE,FIREBRICK PHARMA LIMITED,"Pharmaceuticals, Biotechnology & Life Sciences",False
FFM.AX,FFM,FIREFLY METALS LTD,Materials,False
FAU.AX,FAU,FIRST AU LIMITED,Materials,False
FGR.AX,FGR,FIRST GRAPHENE LIMITED,Materials,False
FL1.AX,FL1,FIRST LITHIUM LIMITED,Materials,False
FCT.AX,FCT,FIRSTWAVE CLOUD TECHNOLOGY LIMITED,Software & Services,False
FPH.AX,FPH,FISHER & PAYKEL HEALTHCARE CORPORATION LIMITED,Health Care Equipment & Services,False
FZR.AX,FZR,FITZROY RIVER CORPORATION LTD,Energy,False
FLG.AX,FLG,FLAGSHIP MINERALS LIMITED,Materials,False
FPR.AX,FPR,FLEETPARTNERS GROUP LIMITED,Financial Services,False
FWD.AX,FWD,FLEETWOOD LIMITED,Consumer Durables & Apparel,False
FBU.AX,FBU,FLETCHER BUILDING LIMITED,Capital Goods,False
FRX.AX,FRX,FLEXIROAM LIMITED,Telecommunication Services,False
FLT.AX,FLT,FLIGHT CENTRE TRAVEL GROUP LIMITED,Consumer Services,False
FLC.AX,FLC,FLUENCE CORPORATION LIMITED,Utilities,False
FG1.AX,FG1,FLYNN GOLD LIMITED,Materials,False
FMR.AX,FMR,FMR RESOURCES LIMITED,Media & Entertainment,False
FML.AX,FML,FOCUS MINERALS LTD,Materials,False
FGH.AX,FGH,FORESTA GROUP HOLDINGS LIMITED,Materials,False
FRS.AX,FRS,FORRESTANIA RESOURCES LIMITED,Materials,False
FEL.AX,FEL,FORTE ENERGY LIMITED,Energy,False
FMG.AX,FMG,FORTESCUE LTD,Materials,False
FTI.AX,FTI,FORTIFAI LTD,Media & Entertainment,False
FUN.AX,FUN,FORTUNA METALS LTD,Materials,False
FOS.AX,FOS,FOS CAPITAL LTD,Capital Goods,False
FCG.AX,FCG,FREEDOM CARE GROUP HOLDINGS LIMITED,Health Care Equipment & Services,False
FHS.AX,FHS,FREEHILL MINING LIMITED.,Materials,False
FLN.AX,FLN,FREELANCER LIMITED,Commercial & Professional Services,False
FRW.AX,FRW,FREIGHTWAYS GROUP LIMITED,Transportation,False
FDV.AX,FDV,FRONTIER DIGITAL VENTURES LIMITED,Media & Entertainment,False
FHE.AX,FHE,FRONTIER ENERGY LIMITED,Materials,False
FSA.AX,FSA,FSA GROUP LIMITED,Financial Services,False
FUL.AX,FUL,FULCRUM LITHIUM LTD,Materials,False
FME.AX,FME,FUTURE METALS NL,Energy,False
G11.AX,G11,G11 RESOURCES LIMITED,Materials,False
G50.AX,G50,G50 CORP LIMITED,Materials,False
GEM.AX,GEM,G8 EDUCATION LIMITED,Consumer Services,False
GLN.AX,GLN,GALAN LITHIUM LIMITED,Materials,False
GAP.AX,GAP,GALE PACIFIC LIMITED,Consumer Durables & Apparel,False
GLL.AX,GLL,GALILEE ENERGY LIMITED,Energy,False
GAL.AX,GAL,GALILEO MINING LTD,Materials,False
GML.AX,GML,GATEWAY MINING LIMITED,Materials,False
GBM.AX,GBM,GBM RESOURCES LIMITED.,Materials,False
GCM.AX,GCM,GCM CORPORATION LIMITED,Materials,False
GLF.AX,GLF,GEMLIFE COMMUNITIES GROUP,Real Estate Management & Development,False
GDG.AX,GDG,GENERATION DEVELOPMENT GROUP LIMITED,Insurance,False
GNE.AX,GNE,GENESIS ENERGY LIMITED,Utilities,False
GMD.AX,GMD,GENESIS MINERALS LIMITED,Materials,False
GES.AX,GES,GENESIS RESOURCES LIMITED,Materials,False
GSS.AX,GSS,GENETIC SIGNATURES LIMITED,"Pharmaceuticals, Biotechnology & Life Sciences",False
GTG.AX,GTG,GENETIC TECHNOLOGIES LIMITED,"Pharmaceuticals, Biotechnology & Life Sciences",False
GEN.AX,GEN,GENMIN LIMITED,Materials,False
GTK.AX,GTK,GENTRACK GROUP LIMITED,Software & Services,False
GNP.AX,GNP,GENUSPLUS GROUP LTD,Capital Goods,False
GPR.AX,GPR,GEOPACIFIC RESOURCES LTD,Materials,False
GIB.AX,GIB,GIBB RIVER DIAMONDS LIMITED,Materials,False
GLE.AX,GLE,GLG CORP LTD,Consumer Durables & Apparel,False
GLH.AX,GLH,GLOBAL HEALTH LIMITED,Health Care Equipment & Services,False
GL1.AX,GL1,GLOBAL LITHIUM RESOURCES LIMITED,Materials,False
GLB.AX,GLB,GLOBE INTERNATIONAL LIMITED,Consumer Durables & Apparel,False
GBE.AX,GBE,GLOBE METALS & MINING LIMITED,Materials,False
GRL.AX,GRL,GODOLPHIN RESOURCES LIMITED,Materials,False
GHY.AX,GHY,GOLD HYDROGEN LIMITED,Energy,False
GMN.AX,GMN,GOLD MOUNTAIN LIMITED,Materials,False
GA8.AX,GA8,GOLDARC RESOURCES LIMITED,Materials,False
GCR.AX,GCR,GOLDEN CROSS RESOURCES LTD,Materials,False
GED.AX,GED,GOLDEN DEEPS LIMITED.,Materials,False
GDR.AX,GDR,GOLDEN DRAGON MINING LTD,Materials,False
GGR.AX,GGR,GOLDEN GLOBE RESOURCES LTD.,Materials,False
GHM.AX,GHM,GOLDEN HORSE MINERALS LIMITED,Materials,False
G88.AX,G88,GOLDEN MILE RESOURCES LTD,Materials,False
GSM.AX,GSM,GOLDEN STATE MINING LIMITED,Materials,False
GG8.AX,GG8,GORILLA GOLD MINES LTD,Materials,False
GOW.AX,GOW,GOWING BROS LIMITED,Financial Services,False
GQG.AX,GQG,GQG PARTNERS INC.,Financial Services,False
GNG.AX,GNG,GR ENGINEERING SERVICES LIMITED,Materials,False
GNC.AX,GNC,GRAINCORP LIMITED,Consumer Staples Distribution & Retail,False
GGE.AX,GGE,GRAND GULF ENERGY LIMITED,Energy,False
GRR.AX,GRR,GRANGE RESOURCES LIMITED.,Materials,False
GTI.AX,GTI,GRATIFII LIMITED,Software & Services,False
GBR.AX,GBR,GREAT BOULDER RESOURCES LIMITED,Materials,False
GR8.AX,GR8,GREAT DIRT RESOURCES LTD,Materials,False
GDM.AX,GDM,GREAT DIVIDE MINING LTD,Materials,False
GNM.AX,GNM,GREAT NORTHERN MINERALS LIMITED,Materials,False
GSN.AX,GSN,GREAT SOUTHERN MINING LIMITED,Materials,False
GTE.AX,GTE,GREAT WESTERN EXPLORATION LIMITED.,Materials,False
GGP.AX,GGP,GREATLAND RESOURCES LIMITED,Materials,False
GG1.AX,GG1,GREEN & GOLD MINERALS LIMITED,Materials,False
GT1.AX,GT1,GREEN TECHNOLOGY METALS LIMITED,Materials,False
GT3.AX,GT3,GREEN360 TECHNOLOGIES LIMITED,Materials,False
H2G.AX,H2G,GREENHY2 LIMITED,Commercial & Professional Services,False
GRE.AX,GRE,GREENTECH METALS LIMITED,Materials,False
GRV.AX,GRV,GREENVALE ENERGY LTD,Energy,False
GW1.AX,GW1,GREENWING RESOURCES LTD,Materials,False
GRX.AX,GRX,GREENX METALS LIMITED,Materials,False
G6M.AX,G6M,GROUP 6 METALS LIMITED,Materials,False
G1C.AX,G1C,GROUP ONE CAPITAL LIMITED,Real Estate Management & Development,False
GTN.AX,GTN,GTN LIMITED,Media & Entertainment,False
GUL.AX,GUL,GULLEWA LIMITED,Materials,False
GUM.AX,GUM,GUMTREE AUSTRALIA MARKETS LIMITED,Media & Entertainment,False
GYG.AX,GYG,GUZMAN Y GOMEZ LIMITED,Consumer Services,False
GWA.AX,GWA,GWA GROUP LIMITED.,Capital Goods,False
GWR.AX,GWR,GWR GROUP LIMITED,Materials,False
H3E.AX,H3E,H3 ENERGY LIMITED,Energy,False
HAL.AX,HAL,HALO TECHNOLOGIES HOLDINGS LTD,Financial Services,False
HMG.AX,HMG,HAMELIN GOLD LIMITED,Materials,False
HMX.AX,HMX,HAMMER METALS LIMITED,Materials,False
HNG.AX,HNG,HANCOCK & GORE LTD,Capital Goods,False
HSN.AX,HSN,HANSEN TECHNOLOGIES LIMITED,Software & Services,False
HAR.AX,HAR,HARANGA RESOURCES LIMITED.,Materials,False
HMY.AX,HMY,HARMONEY CORP LIMITED,Financial Services,False
HT8.AX,HT8,HARRIS TECHNOLOGY GROUP LIMITED,Transportation,False
HHR.AX,HHR,HARTSHEAD RESOURCES NL,Energy,False
HTG.AX,HTG,HARVEST TECHNOLOGY GROUP LTD,Technology Hardware & Equipment,False
HVN.AX,HVN,HARVEY NORMAN HOLDINGS LIMITED,Consumer Discretionary Distribution & Retail,False
HAS.AX,HAS,HASTINGS TECHNOLOGY METALS LTD,Materials,False
HAV.AX,HAV,HAVILAH RESOURCES LIMITED,Materials,False
HWK.AX,HWK,HAWK RESOURCES LIMITED.,Materials,False
HIO.AX,HIO,HAWSONS IRON LTD,Materials,False
HAW.AX,HAW,HAWTHORN RESOURCES LIMITED,Materials,False
HZR.AX,HZR,HAZER GROUP LIMITED,Materials,False
HLS.AX,HLS,HEALIUS LIMITED,Health Care Equipment & Services,False
HGH.AX,HGH,HEARTLAND GROUP HOLDINGS LIMITED,Banks,False
HVY.AX,HVY,HEAVY MINERALS LIMITED,Materials,False
HRE.AX,HRE,HEAVY RARE EARTHS LIMITED,Materials,False
HLI.AX,HLI,HELIA GROUP LIMITED,Financial Services,False
HE8.AX,HE8,HELIOS ENERGY LTD,Energy,False
HLX.AX,HLX,HELIX RESOURCES LIMITED,Materials,False
HLO.AX,HLO,HELLOWORLD TRAVEL LIMITED,Consumer Services,False
HMD.AX,HMD,HERAMED LIMITED,Health Care Equipment & Services,False
HXL.AX,HXL,HEXIMA LIMITED.,"Pharmaceuticals, Biotechnology & Life Sciences",False
HPR.AX,HPR,HIGH PEAK ROYALTIES LIMITED,Energy,False
HTM.AX,HTM,HIGH-TECH METALS LTD,Materials,False
HCL.AX,HCL,HIGHCOM LIMITED,Capital Goods,False
HFR.AX,HFR,HIGHFIELD RESOURCES LIMITED,Materials,False
HGO.AX,HGO,HILLGROVE RESOURCES LIMITED,Materials,False
HPG.AX,HPG,HIPAGES GROUP HOLDINGS LTD,Media & Entertainment,False
HMI.AX,HMI,HIREMII LIMITED,Commercial & Professional Services,False
HIT.AX,HIT,HITECH GROUP AUSTRALIA LIMITED,Commercial & Professional Services,False
HIQ.AX,HIQ,HITIQ LIMITED,Health Care Equipment & Services,False
HMC.AX,HMC,HMC CAPITAL LIMITED,Financial Services,False
HCT.AX,HCT,HOLISTA COLLTECH LIMITED,Household & Personal Products,False
HRN.AX,HRN,HORIZON GOLD LIMITED,Materials,False
HRZ.AX,HRZ,HORIZON MINERALS LIMITED,Materials,False
HZN.AX,HZN,HORIZON OIL LIMITED,Energy,False
HOR.AX,HOR,HORSESHOE METALS LIMITED,Materials,False
HCH.AX,HCH,HOT CHILI LIMITED,Materials,False
HUB.AX,HUB,HUB24 LIMITED,Financial Services,False
HFY.AX,HFY,HUBIFY LIMITED,Telecommunication Services,False
HUM.AX,HUM,HUMM GROUP LIMITED,Financial Services,False
HYD.AX,HYD,HYDRIX LIMITED,Technology Hardware & Equipment,False
HCD.AX,HCD,HYDROCARBON DYNAMICS LIMITED,Energy,False
HYT.AX,HYT,HYTERRA LTD,Energy,False
IS3.AX,IS3,I SYNERGY GROUP LIMITED,Software & Services,False
ICI.AX,ICI,ICANDY INTERACTIVE LIMITED,Media & Entertainment,False
ICL.AX,ICL,ICENI GOLD LIMITED,Materials,False
ICE.AX,ICE,ICETANA LIMITED,Software & Services,False
ID8.AX,ID8,IDENTITII LIMITED,Software & Services,False
IEL.AX,IEL,IDP EDUCATION LIMITED,Consumer Services,False
IDT.AX,IDT,IDT AUSTRALIA LIMITED,"Pharmaceuticals, Biotechnology & Life Sciences",False
IGN.AX,IGN,IGNITE LIMITED,Commercial & Professional Services,False
IGO.AX,IGO,IGO LIMITED,Materials,False
IKE.AX,IKE,IKEGPS GROUP LIMITED,Technology Hardware & Equipment,False
ILT.AX,ILT,ILTANI RESOURCES LIMITED.,Materials,False
ILU.AX,ILU,ILUKA RESOURCES LIMITED,Materials,False
IMA.AX,IMA,IMAGE RESOURCES NL,Materials,False
IBX.AX,IBX,IMAGION BIOSYSTEMS LIMITED,Health Care Equipment & Services,False
IMD.AX,IMD,IMDEX LIMITED,Materials,False
IME.AX,IME,IMEXHS LIMITED,Health Care Equipment & Services,False
IMC.AX,IMC,IMMURON LIMITED,"Pharmaceuticals, Biotechnology & Life Sciences",False
IMM.AX,IMM,IMMUTEP LIMITED,"Pharmaceuticals, Biotechnology & Life Sciences",False
IPT.AX,IPT,IMPACT MINERALS LIMITED,Materials,False
IPD.AX,IPD,IMPEDIMED LIMITED,Health Care Equipment & Services,False
IPC.AX,IPC,IMPERIAL PACIFIC LIMITED,Financial Services,False
IMR.AX,IMR,IMRICOR MEDICAL SYSTEMS INC.,Health Care Equipment & Services,False
IMU.AX,IMU,IMUGENE LIMITED,"Pharmaceuticals, Biotechnology & Life Sciences",False
IAM.AX,IAM,INCOME ASSET MANAGEMENT GROUP LIMITED.,Financial Services,False
IDA.AX,IDA,INDIANA RESOURCES LIMITED,Materials,False
IND.AX,IND,INDUSTRIAL MINERALS LTD,Materials,False
I88.AX,I88,INFINI RESOURCES LIMITED,Materials,False
INF.AX,INF,INFINITY METALS LIMITED,Materials,False
IMI.AX,IMI,INFINITY MINING LIMITED,Materials,False
IFG.AX,IFG,INFOCUS GROUP HOLDINGS LIMITED,Software & Services,False
ITS.AX,ITS,INFOTRUST LTD,Software & Services,False
IFN.AX,IFN,INFRAGREEN GROUP LIMITED,Commercial & Professional Services,False
IFT.AX,IFT,INFRATIL LIMITED.,Capital Goods,False
ING.AX,ING,INGHAMS GROUP LIMITED,"Food, Beverage & Tobacco",False
IIQ.AX,IIQ,INOVIQ LTD,Health Care Equipment & Services,False
IFL.AX,IFL,INSIGNIA FINANCIAL LTD,Financial Services,False
IAG.AX,IAG,INSURANCE AUSTRALIA GROUP LIMITED,Insurance,False
IDX.AX,IDX,INTEGRAL DIAGNOSTICS LIMITED,Health Care Equipment & Services,False
IRI.AX,IRI,INTEGRATED RESEARCH LIMITED,Software & Services,False
ICR.AX,ICR,INTELICARE HOLDINGS LIMITED,Health Care Equipment & Services,False
IMB.AX,IMB,INTELLIGENT MONITORING GROUP LIMITED,Commercial & Professional Services,False
IEQ.AX,IEQ,INTERNATIONAL EQUITIES CORPORATION LIMITED.,Real Estate Management & Development,False
IG6.AX,IG6,INTERNATIONAL GRAPHITE LIMITED,Capital Goods,False
IVG.AX,IVG,INVERT GRAPHITE LIMITED,"Pharmaceuticals, Biotechnology & Life Sciences",False
IVR.AX,IVR,INVESTIGATOR SILVER LIMITED,Materials,False
ICU.AX,ICU,INVESTOR CENTRE LIMITED,Financial Services,False
INV.AX,INV,INVESTSMART GROUP LIMITED,Financial Services,False
IXC.AX,IXC,INVEX THERAPEUTICS LTD,"Pharmaceuticals, Biotechnology & Life Sciences",False
IVZ.AX,IVZ,INVICTUS ENERGY LTD,Energy,False
IVX.AX,IVX,INVION LIMITED,"Pharmaceuticals, Biotechnology & Life Sciences",False
IOD.AX,IOD,IODM LIMITED,Software & Services,False
IOV.AX,IOV,ION VIDEO LTD,Software & Services,False
ION.AX,ION,IONDRIVE LIMITED,Materials,False
INR.AX,INR,IONEER LTD,Materials,False
IXR.AX,IXR,IONIC RARE EARTHS LIMITED,Materials,False
IPG.AX,IPG,IPD GROUP LTD,Capital Goods,False
IPX.AX,IPX,IPERIONX LIMITED,Materials,False
IPH.AX,IPH,IPH LIMITED,Commercial & Professional Services,False
IRE.AX,IRE,IRESS LIMITED,Software & Services,False
IR1.AX,IR1,IRIS METALS LIMITED,Materials,False
IBR.AX,IBR,IRON BEAR RESOURCES LTD,Materials,False
IRD.AX,IRD,IRON ROAD LIMITED,Materials,False
ILA.AX,ILA,ISLAND PHARMACEUTICALS LIMITED,"Pharmaceuticals, Biotechnology & Life Sciences",False
ITM.AX,ITM,ITECH MINERALS LTD,Materials,False
IGL.AX,IGL,IVE GROUP LIMITED,Media & Entertainment,False
JGH.AX,JGH,JADE GAS HOLDINGS LIMITED,Materials,False
JHX.AX,JHX,JAMES HARDIE INDUSTRIES PLC,Materials,False
JAL.AX,JAL,JAMESON RESOURCES LIMITED,Materials,False
JAN.AX,JAN,JANISON EDUCATION GROUP LIMITED,Software & Services,False
JNS.AX,JNS,JANUS ELECTRIC HOLDINGS LIMITED,Utilities,False
JAT.AX,JAT,JATCORP LIMITED,Consumer Discretionary Distribution & Retail,False
JAV.AX,JAV,JAVELIN MINERALS LIMITED,Materials,False
JAY.AX,JAY,JAYRIDE GROUP LIMITED,Transportation,False
JBH.AX,JBH,JB HI-FI LIMITED,Consumer Discretionary Distribution & Retail,False
JCS.AX,JCS,JCURVE SOLUTIONS LTD,Software & Services,False
JLL.AX,JLL,JINDALEE LITHIUM LIMITED,Materials,False
JYC.AX,JYC,JOYCE CORPORATION LTD,Consumer Discretionary Distribution & Retail,False
JDO.AX,JDO,JUDO CAPITAL HOLDINGS LIMITED,Banks,False
JIN.AX,JIN,JUMBO INTERACTIVE LIMITED,Consumer Services,False
JNO.AX,JNO,JUNO MINERALS LIMITED,Materials,False
JPR.AX,JPR,JUPITER ENERGY LIMITED,Energy,False
JMS.AX,JMS,JUPITER MINES LIMITED.,Materials,False
KSC.AX,KSC,K & S CORPORATION LIMITED,Transportation,False
KAM.AX,KAM,K2 ASSET MANAGEMENT HOLDINGS LTD,Financial Services,False
KLR.AX,KLR,KAILI RESOURCES LIMITED,Energy,False
KAI.AX,KAI,KAIROS MINERALS LIMITED,Materials,False
KAU.AX,KAU,KAISER REEF LIMITED,Materials,False
KZR.AX,KZR,KALAMAZOO RESOURCES LIMITED,Materials,False
KAL.AX,KAL,KALGOORLIE GOLD MINING LIMITED,Materials,False
KM1.AX,KM1,KALI METALS LIMITED,Materials,False
KPO.AX,KPO,KALINA POWER LIMITED,Utilities,False
KAR.AX,KAR,KAROON ENERGY LTD,Energy,False
KPG.AX,KPG,KELLY PARTNERS GROUP HOLDINGS LIMITED,Commercial & Professional Services,False
KLS.AX,KLS,KELSIAN GROUP LIMITED,Transportation,False
KEY.AX,KEY,KEY PETROLEUM LIMITED,Energy,False
KBC.AX,KBC,KEYBRIDGE CAPITAL LIMITED,Financial Services,False
KGL.AX,KGL,KGL RESOURCES LIMITED,Materials,False
KLI.AX,KLI,KILLI RESOURCES LIMITED,Materials,False
KSL.AX,KSL,KINA SECURITIES LIMITED,Banks,False
KYP.AX,KYP,KINATICO LTD,Software & Services,False
KCC.AX,KCC,KINCORA COPPER LIMITED,Materials,False
KKO.AX,KKO,KINETIKO ENERGY LTD,Energy,False
KRR.AX,KRR,KING RIVER RESOURCES LIMITED,Materials,False
KFM.AX,KFM,KINGFISHER MINING LTD,Materials,False
KCN.AX,KCN,KINGSGATE CONSOLIDATED LIMITED.,Materials,False
KNG.AX,KNG,KINGSLAND MINERALS LTD,Materials,False
KRM.AX,KRM,KINGSROSE MINING LIMITED,Materials,False
KSN.AX,KSN,KINGSTON RESOURCES LIMITED,Materials,False
KME.AX,KME,KIP MCGRATH EDUCATION CENTRES LIMITED,Consumer Services,False
KLV.AX,KLV,KLEVO REWARDS LIMITED,Commercial & Professional Services,False
KMD.AX,KMD,KMD BRANDS LIMITED,Consumer Discretionary Distribution & Retail,False
KNM.AX,KNM,KNEOMEDIA LIMITED,Media & Entertainment,False
KNO.AX,KNO,KNOSYS LIMITED,Software & Services,False
KOB.AX,KOB,KOBA RESOURCES LIMITED,Materials,False
KGN.AX,KGN,KOGAN.COM LTD,Consumer Discretionary Distribution & Retail,False
KNB.AX,KNB,KOONENBERRY GOLD LIMITED,Materials,False
KOR.AX,KOR,KORAB RESOURCES LIMITED,Materials,False
KP2.AX,KP2,KORE POTASH PLC,Materials,False
KOV.AX,KOV,KORVEST LTD,Capital Goods,False
KTA.AX,KTA,KRAKATOA RESOURCES LIMITED,Materials,False
KNI.AX,KNI,KUNIKO LIMITED,Materials,False
L1G.AX,L1G,L1 GROUP LIMITED,Financial Services,False
LSA.AX,LSA,LACHLAN STAR LIMITED,Materials,False
LKE.AX,LKE,LAKE RESOURCES N.L.,Materials,False
LKO.AX,LKO,LAKES BLUE ENERGY NL,Energy,False
LAM.AX,LAM,LARAMIDE RESOURCES LTD,Energy,False
LRK.AX,LRK,LARK DISTILLING CO. LTD,"Food, Beverage & Tobacco",False
LRV.AX,LRV,LARVOTTO RESOURCES LIMITED,Materials,False
LBL.AX,LBL,LASERBOND LIMITED,Capital Goods,False
LAT.AX,LAT,LATITUDE 66 LIMITED,Materials,False
LFS.AX,LFS,LATITUDE GROUP HOLDINGS LIMITED,Financial Services,False
LMG.AX,LMG,LATROBE MAGNESIUM LIMITED,Materials,False
LCL.AX,LCL,LCL RESOURCES LIMITED,Materials,False
LM1.AX,LM1,LEEUWIN METALS LTD,Materials,False
LEX.AX,LEX,LEFROY EXPLORATION LIMITED,Materials,False
LCY.AX,LCY,LEGACY IRON ORE LIMITED,Materials,False
LGM.AX,LGM,LEGACY MINERALS HOLDINGS LIMITED,Materials,False
LEG.AX,LEG,LEGEND MINING LIMITED,Materials,False
LLC.AX,LLC,LENDLEASE GROUP,Real Estate Management & Development,False
LGI.AX,LGI,LGI LIMITED,Utilities,False
LIS.AX,LIS,LI-S ENERGY LIMITED,Capital Goods,False
LFG.AX,LFG,LIBERTY FINANCIAL GROUP,Financial Services,False
LIB.AX,LIB,LIBERTY METALS LTD,Materials,False
360.AX,360,LIFE360 INC.,Software & Services,False
LIC.AX,LIC,LIFESTYLE COMMUNITIES LIMITED,Real Estate Management & Development,False
LNW.AX,LNW,LIGHT & WONDER INC.,Consumer Services,False
L1M.AX,L1M,LIGHTNING MINERALS LTD,Materials,False
LML.AX,LML,LINCOLN MINERALS LIMITED,Materials,False
LIN.AX,LIN,LINDIAN RESOURCES LIMITED,Materials,False
LAU.AX,LAU,LINDSAY AUSTRALIA LIMITED,Transportation,False
LNQ.AX,LNQ,LINQ MINERALS LIMITED,Materials,False
LIO.AX,LIO,LION ENERGY LIMITED,Energy,False
LRM.AX,LRM,LION ROCK MINERALS LTD,Materials,False
LTR.AX,LTR,LIONTOWN LIMITED,Materials,False
LMS.AX,LMS,LITCHFIELD MINERALS LIMITED,Materials,False
LEL.AX,LEL,LITHIUM ENERGY LIMITED,Materials,False
LPM.AX,LPM,LITHIUM PLUS MINERALS LTD.,Materials,False
LU7.AX,LU7,LITHIUM UNIVERSE LIMITED,Materials,False
LGP.AX,LGP,LITTLE GREEN PHARMA LTD,"Pharmaceuticals, Biotechnology & Life Sciences",False
LIT.AX,LIT,LIVIUM LTD,Materials,False
LPE.AX,LPE,LOCALITY PLANNING ENERGY HOLDINGS LIMITED,Utilities,False
LKY.AX,LKY,LOCKSLEY RESOURCES LIMITED,Materials,False
LDR.AX,LDR,LODE RESOURCES LTD,Materials,False
LSR.AX,LSR,LODESTAR MINERALS LIMITED,Materials,False
LCE.AX,LCE,LONDON CITY EQUITIES LIMITED,Financial Services,False
LRD.AX,LRD,LORD RESOURCES LIMITED,Materials,False
LOT.AX,LOT,LOTUS RESOURCES LIMITED,Materials,False
LVE.AX,LVE,LOVE GROUP GLOBAL LTD,Software & Services,False
LOV.AX,LOV,LOVISA HOLDINGS LIMITED,Consumer Discretionary Distribution & Retail,False
LLM.AX,LLM,LOYAL METALS LTD,Materials,False
LTP.AX,LTP,LTR PHARMA LIMITED,"Pharmaceuticals, Biotechnology & Life Sciences",False
LDX.AX,LDX,LUMOS DIAGNOSTICS HOLDINGS LIMITED,Health Care Equipment & Services,False
LM8.AX,LM8,LUNNON METALS LIMITED,Materials,False
LYL.AX,LYL,LYCOPODIUM LIMITED,Capital Goods,False
LYC.AX,LYC,LYNAS RARE EARTHS LIMITED,Materials,False
M3M.AX,M3M,M3 MINING LIMITED,Materials,False
MAF.AX,MAF,MA FINANCIAL GROUP LIMITED,Financial Services,False
MGH.AX,MGH,MAAS GROUP HOLDINGS LIMITED,Capital Goods,False
MNE.AX,MNE,MACALLUM NEW ENERGY LIMITED,Energy,False
MIO.AX,MIO,MACARTHUR MINERALS LIMITED,Materials,False
M7T.AX,M7T,MACH7 TECHNOLOGIES LIMITED,Health Care Equipment & Services,False
MAH.AX,MAH,MACMAHON HOLDINGS LIMITED,Materials,False
MQG.AX,MQG,MACQUARIE GROUP LIMITED,Financial Services,False
MAQ.AX,MAQ,MACQUARIE TECHNOLOGY GROUP LIMITED,Software & Services,False
M4M.AX,M4M,MACRO METALS LIMITED,Materials,False
MAD.AX,MAD,MADER GROUP LIMITED,Commercial & Professional Services,False
MFG.AX,MFG,MAGELLAN FINANCIAL GROUP LIMITED,Financial Services,False
MBH.AX,MBH,MAGGIE BEER HOLDINGS LTD,"Food, Beverage & Tobacco",False
MAG.AX,MAG,MAGMATIC RESOURCES LIMITED,Materials,False
MAU.AX,MAU,MAGNETIC RESOURCES NL,Materials,False
MGT.AX,MGT,MAGNETITE MINES LIMITED.,Materials,False
MGU.AX,MGU,MAGNUM MINING AND EXPLORATION LIMITED,Materials,False
MGL.AX,MGL,MAGONTEC LIMITED,Materials,False
M24.AX,M24,MAMBA EXPLORATION LIMITED,Materials,False
M79.AX,M79,MAMMOTH MINERALS LIMITED,Materials,False
MAN.AX,MAN,MANDRAKE RESOURCES LIMITED,Materials,False
MHC.AX,MHC,MANHATTAN GOLD CORPORATION LIMITED,Energy,False
MTL.AX,MTL,MANTLE MINERALS LIMITED,Materials,False
MKR.AX,MKR,MANUKA RESOURCES LTD.,Materials,False
MPK.AX,MPK,MANY PEAKS MINERALS LTD,Materials,False
MC2.AX,MC2,MARIMACA COPPER CORP.,Materials,False
MEU.AX,MEU,MARMOTA LIMITED,Energy,False
MMA.AX,MMA,MARONAN METALS LIMITED,Materials,False
MQR.AX,MQR,MARQUEE RESOURCES LIMITED,Materials,False
MVL.AX,MVL,MARVEL GOLD LIMITED,Materials,False
MYE.AX,MYE,MASTERMYNE GROUP LIMITED,Materials,False
MCE.AX,MCE,MATRIX COMPOSITES & ENGINEERING LIMITED,Energy,False
MAT.AX,MAT,MATSA RESOURCES LIMITED,Materials,False
MXI.AX,MXI,MAXIPARTS LIMITED,Capital Goods,False
MFD.AX,MFD,MAYFIELD CHILDCARE LIMITED,Consumer Services,False
MYG.AX,MYG,MAYFIELD GROUP HOLDINGS LIMITED,Capital Goods,False
MYX.AX,MYX,MAYNE PHARMA GROUP LIMITED,"Pharmaceuticals, Biotechnology & Life Sciences",False
MBG.AX,MBG,MB GOLD LIMITED,Materials,False
MCM.AX,MCM,MC MINING LIMITED,Energy,False
MML.AX,MML,MCLAREN MINERALS LIMITED,Materials,False
MMS.AX,MMS,MCMILLAN SHAKESPEARE LIMITED,Commercial & Professional Services,False
MCP.AX,MCP,MCPHERSON'S LIMITED,Household & Personal Products,False
MSG.AX,MSG,MCS SERVICES LIMITED,Commercial & Professional Services,False
MMR.AX,MMR,MEC RESOURCES LIMITED,Energy,False
MM8.AX,MM8,MEDALLION METALS LIMITED.,Materials,False
MPL.AX,MPL,MEDIBANK PRIVATE LIMITED,Insurance,False
MVP.AX,MVP,MEDICAL DEVELOPMENTS INTERNATIONAL LIMITED,"Pharmaceuticals, Biotechnology & Life Sciences",False
MEK.AX,MEK,MEEKA METALS LIMITED,Materials,False
MEG.AX,MEG,MEGADO MINERALS LTD,Materials,False
MP1.AX,MP1,MEGAPORT LIMITED,Software & Services,False
MAY.AX,MAY,MELBANA ENERGY LIMITED,Energy,False
MEM.AX,MEM,MEMPHASYS LIMITED.,"Pharmaceuticals, Biotechnology & Life Sciences",False
MCY.AX,MCY,MERCURY NZ LIMITED,Utilities,False
MEZ.AX,MEZ,MERIDIAN ENERGY LIMITED,Utilities,False
MNC.AX,MNC,MERINO & CO. LIMITED,Consumer Durables & Apparel,False
MSB.AX,MSB,MESOBLAST LIMITED,"Pharmaceuticals, Biotechnology & Life Sciences",False
MBK.AX,MBK,METAL BANK LIMITED,Materials,False
MHK.AX,MHK,METAL HAWK LIMITED.,Materials,False
MPW.AX,MPW,METAL POWDER WORKS LIMITED,Capital Goods,False
MTM.AX,MTM,METALLIUM LIMITED,Materials,False
MLS.AX,MLS,METALS AUSTRALIA LTD,Materials,False
MLX.AX,MLX,METALS X LIMITED,Materials,False
MGA.AX,MGA,METALSGROVE MINING LTD,Materials,False
MTC.AX,MTC,METALSTECH LIMITED,Materials,False
MTS.AX,MTS,METCASH LIMITED,Consumer Staples Distribution & Retail,False
MEI.AX,MEI,METEORIC RESOURCES NL,Materials,False
MEL.AX,MEL,METGASCO LTD,Energy,False
MMI.AX,MMI,METRO MINING LIMITED,Materials,False
MPP.AX,MPP,METRO PERFORMANCE GLASS LIMITED,Capital Goods,False
MGX.AX,MGX,MGX RESOURCES LIMITED,Materials,False
MHJ.AX,MHJ,MICHAEL HILL INTERNATIONAL LIMITED,Consumer Discretionary Distribution & Retail,False
MX1.AX,MX1,MICRO-X LIMITED,Health Care Equipment & Services,False
MAP.AX,MAP,MICROBA LIFE SCIENCES LIMITED,Health Care Equipment & Services,False
MAM.AX,MAM,MICROEQUITIES ASSET MANAGEMENT GROUP LIMITED,Financial Services,False
MM1.AX,MM1,MIDAS MINERALS LTD,Materials,False
MDI.AX,MDI,MIDDLE ISLAND RESOURCES LIMITED,Materials,False
MNB.AX,MNB,MINBOS RESOURCES LIMITED,Materials,False
MDX.AX,MDX,MINDAX LIMITED,Materials,False
MRC.AX,MRC,MINERAL COMMODITIES LTD,Materials,False
MIN.AX,MIN,MINERAL RESOURCES LIMITED,Materials,False
MI6.AX,MI6,MINERALS 260 LIMITED,Materials,False
MEX.AX,MEX,MINERALS EXPLORATION LIMITED,Materials,False
MRR.AX,MRR,MINREX RESOURCES LIMITED,Materials,False
M2R.AX,M2R,MIRAMAR RESOURCES LIMITED,Materials,False
MSV.AX,MSV,MITCHELL SERVICES LIMITED,Materials,False
MTH.AX,MTH,MITHRIL SILVER AND GOLD LIMITED,Materials,False
MLG.AX,MLG,MLG OZ LIMITED,Materials,False
MOM.AX,MOM,MOAB MINERALS LIMITED,Materials,False
MOH.AX,MOH,MOHO RESOURCES LIMITED,Materials,False
MND.AX,MND,MONADELPHOUS GROUP LIMITED,Capital Goods,False
MVF.AX,MVF,MONASH IVF GROUP LIMITED,Health Care Equipment & Services,False
MME.AX,MME,MONEYME LIMITED,Financial Services,False
MRZ.AX,MRZ,MONT ROYAL RESOURCES LIMITED,Materials,False
ML8.AX,ML8,MOONLIGHT RESOURCES LTD,Materials,False
1MC.AX,1MC,MORELLA CORPORATION LIMITED,Materials,False
MEC.AX,MEC,MORPHIC ETHICAL EQUITIES FUND LIMITED,Financial Services,False
MXO.AX,MXO,MOTIO LTD,Media & Entertainment,False
MTO.AX,MTO,MOTORCYCLE HOLDINGS LIMITED,Consumer Discretionary Distribution & Retail,False
MHM.AX,MHM,MOUNT HOPE MINING LIMITED,Materials,False
MRD.AX,MRD,MOUNT RIDLEY MINES LIMITED,Materials,False
MOV.AX,MOV,MOVE LOGISTICS GROUP LIMITED,Transportation,False
MPR.AX,MPR,MPR AUSTRALIA LIMITED,Financial Services,False
MRQ.AX,MRQ,MRG METALS LIMITED,Materials,False
M2M.AX,M2M,MT MALCOLM MINES NL,Materials,False
MSI.AX,MSI,MULTISTACK INTERNATIONAL LIMITED,Capital Goods,False
MCA.AX,MCA,MURRAY COD AUSTRALIA LIMITED,"Food, Beverage & Tobacco",False
MPX.AX,MPX,MUSTERA PROPERTY GROUP LIMITED,Real Estate Management & Development,False
MCO.AX,MCO,MYECO GROUP LTD,Materials,False
MYR.AX,MYR,MYER HOLDINGS LIMITED,Consumer Discretionary Distribution & Retail,False
MYS.AX,MYS,MYSTATE LIMITED,Banks,False
N1H.AX,N1H,N1 HOLDINGS LIMITED,Financial Services,False
NAG.AX,NAG,NAGAMBIE RESOURCES LIMITED,Materials,False
NC6.AX,NC6,NANOLLOSE LIMITED,"Pharmaceuticals, Biotechnology & Life Sciences",False
NAN.AX,NAN,NANOSONICS LIMITED,Health Care Equipment & Services,False
NVU.AX,NVU,NANOVEU LIMITED,Technology Hardware & Equipment,False
NYM.AX,NYM,NARRYER METALS LIMITED,Materials,False
NAB.AX,NAB,NATIONAL AUSTRALIA BANK LIMITED,Banks,False
NMR.AX,NMR,NATIVE MINERAL RESOURCES HOLDINGS LIMITED,Materials,False
NGI.AX,NGI,NAVIGATOR GLOBAL INVESTMENTS LIMITED,Financial Services,False
NES.AX,NES,NELSON RESOURCES LIMITED.,Materials,False
NMT.AX,NMT,NEOMETALS LTD,Materials,False
NWL.AX,NWL,NETWEALTH GROUP LIMITED,Financial Services,False
NEU.AX,NEU,NEUREN PHARMACEUTICALS LIMITED,"Pharmaceuticals, Biotechnology & Life Sciences",False
NRZ.AX,NRZ,NEURIZER LTD,Materials,False
NUZ.AX,NUZ,NEURIZON THERAPEUTICS LIMITED,"Pharmaceuticals, Biotechnology & Life Sciences",False
NSB.AX,NSB,NEUROSCIENTIFIC BIOPHARMACEUTICALS LTD,"Pharmaceuticals, Biotechnology & Life Sciences",False
NTI.AX,NTI,NEUROTECH INTERNATIONAL LIMITED,Health Care Equipment & Services,False
NAE.AX,NAE,NEW AGE EXPLORATION LIMITED,Energy,False
NFM.AX,NFM,NEW FRONTIER MINERALS LIMITED,Materials,False
NHC.AX,NHC,NEW HOPE CORPORATION LIMITED,Energy,False
NMG.AX,NMG,NEW MURCHISON GOLD LIMITED,Materials,False
NZK.AX,NZK,NEW ZEALAND KING SALMON INVESTMENTS LIMITED,"Food, Beverage & Tobacco",False
NWF.AX,NWF,NEWFIELD RESOURCES LIMITED,Materials,False
NEM.AX,NEM,NEWMONT CORPORATION,Materials,False
NPM.AX,NPM,NEWPEAK METALS LIMITED,Materials,False
NWS.AX,NWS,NEWS CORPORATION..,Media & Entertainment,False
NME.AX,NME,NEX METALS EXPLORATION LIMITED,Materials,False
NX1.AX,NX1,NEXALIS THERAPEUTICS LTD,Health Care Equipment & Services,False
NXG.AX,NXG,NEXGEN ENERGY (CANADA) LTD,Energy,False
NNG.AX,NNG,NEXION GROUP LTD,Software & Services,False
NXN.AX,NXN,NEXSEN LIMITED,"Pharmaceuticals, Biotechnology & Life Sciences",False
NXT.AX,NXT,NEXTDC LIMITED,Software & Services,False
NXD.AX,NXD,NEXTED GROUP LIMITED,Consumer Services,False
NXM.AX,NXM,NEXUS MINERALS LIMITED,Materials,False
NGX.AX,NGX,NGX LIMITED,Materials,False
NH3.AX,NH3,NH3 CLEAN ENERGY LIMITED,Materials,False
NHF.AX,NHF,NIB HOLDINGS LIMITED,Insurance,False
NCK.AX,NCK,NICK SCALI LIMITED,Consumer Discretionary Distribution & Retail,False
NIC.AX,NIC,NICKEL INDUSTRIES LIMITED,Materials,False
NC1.AX,NC1,NICO RESOURCES LIMITED,Materials,False
NDO.AX,NDO,NIDO EDUCATION LIMITED,Consumer Services,False
NIM.AX,NIM,NIMY RESOURCES LIMITED,Materials,False
NEC.AX,NEC,NINE ENTERTAINMENT CO. HOLDINGS LIMITED,Media & Entertainment,False
NHE.AX,NHE,NOBLE HELIUM LIMITED,Energy,False
NOL.AX,NOL,NOBLEOAK LIFE LIMITED,Insurance,False
NNL.AX,NNL,NORDIC RESOURCES LTD,Materials,False
NFL.AX,NFL,NORFOLK METALS LIMITED,Materials,False
NRX.AX,NRX,NORONEX LIMITED,Materials,False
NSM.AX,NSM,NORTH STAWELL MINERALS LTD,Materials,False
NTU.AX,NTU,NORTHERN MINERALS LIMITED,Materials,False
NST.AX,NST,NORTHERN STAR RESOURCES LTD,Materials,False
NWM.AX,NWM,NORWEST MINERALS LIMITED,Materials,False
NOR.AX,NOR,NORWOOD SYSTEMS LIMITED,Software & Services,False
NOU.AX,NOU,NOUMI LIMITED,"Food, Beverage & Tobacco",False
EYE.AX,EYE,NOVA EYE MEDICAL LIMITED,Health Care Equipment & Services,False
NVA.AX,NVA,NOVA MINERALS LIMITED,Materials,False
NOV.AX,NOV,NOVATTI GROUP LIMITED,Software & Services,False
NVQ.AX,NVQ,NOVIQTECH LIMITED,Software & Services,False
NVO.AX,NVO,NOVO RESOURCES CORP.,Materials,False
NVX.AX,NVX,NOVONIX LIMITED,Technology Hardware & Equipment,False
NOX.AX,NOX,NOXOPHARM LIMITED,"Pharmaceuticals, Biotechnology & Life Sciences",False
NWH.AX,NWH,NRW HOLDINGS LIMITED,Capital Goods,False
NTM.AX,NTM,NT MINERALS LIMITED,Materials,False
NTD.AX,NTD,NTAW HOLDINGS LIMITED,Consumer Discretionary Distribution & Retail,False
NUC.AX,NUC,NUCHEV LIMITED,"Food, Beverage & Tobacco",False
NGY.AX,NGY,NUENERGY GAS LIMITED,Energy,False
NUF.AX,NUF,NUFARM LIMITED,Materials,False
NXL.AX,NXL,NUIX LIMITED,Software & Services,False
NGS.AX,NGS,NUTRITIONAL GROWTH SOLUTIONS LTD,Household & Personal Products,False
NYR.AX,NYR,NYRADA INC.,"Pharmaceuticals, Biotechnology & Life Sciences",False
NZM.AX,NZM,NZME LIMITED,Media & Entertainment,False
OKJ.AX,OKJ,OAKAJEE CORPORATION LIMITED,Materials,False
OAK.AX,OAK,OAKRIDGE INTERNATIONAL LIMITED,Software & Services,False
OCL.AX,OCL,OBJECTIVE CORPORATION LIMITED,Software & Services,False
OCN.AX,OCN,OCEANA METALS LIMITED,Materials,False
OCA.AX,OCA,OCEANIA HEALTHCARE LIMITED,Health Care Equipment & Services,False
OCT.AX,OCT,OCTAVA MINERALS LIMITED,Materials,False
OD6.AX,OD6,OD6 METALS LIMITED,Materials,False
ODE.AX,ODE,ODESSA MINERALS LIMITED,Materials,False
ODY.AX,ODY,ODYSSEY GOLD LTD,Materials,False
OFX.AX,OFX,OFX GROUP LIMITED,Financial Services,False
OLH.AX,OLH,OLDFIELDS HOLDINGS LIMITED,Capital Goods,False
OLI.AX,OLI,OLIVER'S REAL FOOD LIMITED,Consumer Services,False
OLY.AX,OLY,OLYMPIO METALS LIMITED,Materials,False
OMH.AX,OMH,OM HOLDINGS LIMITED,Materials,False
OMA.AX,OMA,OMEGA OIL & GAS LIMITED,Energy,False
OMG.AX,OMG,OMG GROUP LIMITED,"Food, Beverage & Tobacco",False
OBL.AX,OBL,OMNI BRIDGEWAY LIMITED,Financial Services,False
OM1.AX,OM1,OMNIA METALS GROUP LTD,Materials,False
OSL.AX,OSL,ONCOSIL MEDICAL LTD,"Pharmaceuticals, Biotechnology & Life Sciences",False
1CG.AX,1CG,ONE CLICK GROUP LIMITED,Capital Goods,False
ONE.AX,ONE,ONEVIEW HEALTHCARE PLC,Health Care Equipment & Services,False
OML.AX,OML,OOH!MEDIA LIMITED,Media & Entertainment,False
OLL.AX,OLL,OPENLEARNING LIMITED,Software & Services,False
OPN.AX,OPN,OPENN NEGOTIATION LIMITED,Commercial & Professional Services,False
OPT.AX,OPT,OPTHEA LIMITED,"Pharmaceuticals, Biotechnology & Life Sciences",False
OIL.AX,OIL,OPTISCAN IMAGING LIMITED,Health Care Equipment & Services,False
OBM.AX,OBM,ORA BANDA MINING LTD,Materials,False
OMX.AX,OMX,ORANGE MINERALS NL,Materials,False
OEC.AX,OEC,ORBITAL CORPORATION LIMITED,Capital Goods,False
OB1.AX,OB1,ORBMINCO LIMITED,Materials,False
ODA.AX,ODA,ORCODA LIMITED,Software & Services,False
ORD.AX,ORD,ORDELL MINERALS LIMITED,Materials,False
OR3.AX,OR3,ORE RESOURCES LIMITED,Materials,False
ORE.AX,ORE,OREZONE GOLD CORPORATION,Materials,False
ORI.AX,ORI,ORICA LIMITED,Materials,False
ORG.AX,ORG,ORIGIN ENERGY LIMITED,Utilities,False
OEQ.AX,OEQ,ORION EQUITIES LIMITED,Financial Services,False
ORN.AX,ORN,ORION MINERALS LTD,Materials,False
ORA.AX,ORA,ORORA LIMITED,Materials,False
ORP.AX,ORP,ORPHEUS URANIUM LIMITED,Materials,False
OCC.AX,OCC,ORTHOCELL LIMITED,"Pharmaceuticals, Biotechnology & Life Sciences",False
OSM.AX,OSM,OSMOND RESOURCES LIMITED,Materials,False
OSX.AX,OSX,OSTEOPORE LIMITED,Health Care Equipment & Services,False
OEL.AX,OEL,OTTO ENERGY LIMITED,Energy,False
OVT.AX,OVT,OVANTI LIMITED,Media & Entertainment,False
OZM.AX,OZM,OZAURUM RESOURCES LIMITED,Materials,False
OZZ.AX,OZZ,OZZ RESOURCES LIMITED,Materials,False
PGO.AX,PGO,PACGOLD LIMITED,Materials,False
PAC.AX,PAC,PACIFIC CURRENT GROUP LIMITED,Financial Services,False
PEB.AX,PEB,PACIFIC EDGE LIMITED,"Pharmaceuticals, Biotechnology & Life Sciences",False
PLA.AX,PLA,PACIFIC LIME AND CEMENT LIMITED,Materials,False
PNM.AX,PNM,PACIFIC NICKEL MINES LIMITED,Materials,False
PXR.AX,PXR,PACIFIC RESOURCES LIMITED,Energy,False
PCK.AX,PCK,PAINCHEK LTD,Health Care Equipment & Services,False
PDN.AX,PDN,PALADIN ENERGY LTD,Energy,False
PCL.AX,PCL,PANCONTINENTAL ENERGY NL,Energy,False
PFE.AX,PFE,PANTERA MINERALS LIMITED,Materials,False
PNT.AX,PNT,PANTHER METALS LTD,Materials,False
PNR.AX,PNR,PANTORO GOLD LIMITED,Materials,False
PPY.AX,PPY,PAPYRUS AUSTRALIA LIMITED,Materials,False
PBL.AX,PBL,PARABELLUM RESOURCES LIMITED,Materials,False
PAR.AX,PAR,PARADIGM BIOPHARMACEUTICALS LIMITED..,"Pharmaceuticals, Biotechnology & Life Sciences",False
PGC.AX,PGC,PARAGON CARE LIMITED,Health Care Equipment & Services,False
PKD.AX,PKD,PARKD LTD,Commercial & Professional Services,False
PWN.AX,PWN,PARKWAY CORPORATE LIMITED,Materials,False
PL3.AX,PL3,PATAGONIA LITHIUM LTD,Materials,False
PSL.AX,PSL,PATERSON RESOURCES LTD,Materials,False
PKY.AX,PKY,PATHKEY.AI LTD,Software & Services,False
PAT.AX,PAT,PATRIOT RESOURCES LIMITED,Materials,False
PTN.AX,PTN,PATRONUS RESOURCES LIMITED,Materials,False
PAB.AX,PAB,PATRYS LIMITED,"Pharmaceuticals, Biotechnology & Life Sciences",False
PC2.AX,PC2,PC GOLD LTD,Materials,False
PKP.AX,PKP,PEAK PROCESSING LIMITED,"Pharmaceuticals, Biotechnology & Life Sciences",False
PKO.AX,PKO,PEAKO LIMITED,Materials,False
PLG.AX,PLG,PEARL GULL IRON LIMITED,Materials,False
PEX.AX,PEX,PEEL MINING LIMITED,Materials,False
PPC.AX,PPC,PEET LIMITED,Real Estate Management & Development,False
PCG.AX,PCG,PENGANA CAPITAL GROUP LIMITED,Financial Services,False
PEN.AX,PEN,PENINSULA ENERGY LIMITED,Energy,False
5GG.AX,5GG,PENTANET LIMITED,Telecommunication Services,False
PPE.AX,PPE,PEOPLEIN LIMITED,Commercial & Professional Services,False
PPM.AX,PPM,PEPPER MONEY LIMITED,Financial Services,False
PIL.AX,PIL,PEPPERMINT INNOVATION LIMITED,Software & Services,False
PER.AX,PER,PERCHERON THERAPEUTICS LIMITED,"Pharmaceuticals, Biotechnology & Life Sciences",False
PGD.AX,PGD,PEREGRINE GOLD LTD,Materials,False
PRN.AX,PRN,PERENTI LIMITED,Materials,False
PPT.AX,PPT,PERPETUAL LIMITED,Financial Services,False
PEC.AX,PEC,PERPETUAL RESOURCES LIMITED,Materials,False
PRU.AX,PRU,PERSEUS MINING LIMITED,Materials,False
PWR.AX,PWR,PETER WARREN AUTOMOTIVE HOLDINGS LIMITED,Consumer Discretionary Distribution & Retail,False
PXA.AX,PXA,PEXA GROUP LIMITED,Real Estate Management & Development,False
PHX.AX,PHX,PHARMX TECHNOLOGIES LIMITED,Software & Services,False
PHO.AX,PHO,PHOSCO LTD,Materials,False
PET.AX,PET,PHOSLOCK ENVIRONMENTAL TECHNOLOGIES LIMITED,Commercial & Professional Services,False
PGY.AX,PGY,PILOT ENERGY LIMITED,Energy,False
PNI.AX,PNI,PINNACLE INVESTMENT MANAGEMENT GROUP LIMITED,Financial Services,False
PIM.AX,PIM,PINNACLE MINERALS LIMITED,Materials,False
PNC.AX,PNC,PIONEER CREDIT LIMITED,Financial Services,False
PMM.AX,PMM,PIONEER MINERALS LIMITED,Materials,False
PVT.AX,PVT,PIVOTAL METALS LIMITED,Materials,False
PFM.AX,PFM,PLATFORMO LTD,Software & Services,False
PGM.AX,PGM,PLATINA RESOURCES LIMITED,Materials,False
PLY.AX,PLY,PLAYSIDE STUDIOS LIMITED,Media & Entertainment,False
PLT.AX,PLT,PLENTI GROUP LIMITED,Financial Services,False
PLS.AX,PLS,PLS GROUP LIMITED,Materials,False
PMT.AX,PMT,PMET RESOURCES INC.,Materials,False
PVE.AX,PVE,PO VALLEY ENERGY LIMITED,Energy,False
POD.AX,POD,PODIUM MINERALS LIMITED,Materials,False
3DP.AX,3DP,POINTERRA LIMITED,Software & Services,False
PBH.AX,PBH,POINTSBET HOLDINGS LIMITED,Consumer Services,False
PXX.AX,PXX,POLARX LIMITED,Materials,False
POL.AX,POL,POLYMETALS RESOURCES LTD,Materials,False
PNV.AX,PNV,POLYNOVO LIMITED,Health Care Equipment & Services,False
PNN.AX,PNN,POWER MINERALS LIMITED,Materials,False
PVL.AX,PVL,POWERHOUSE VENTURES LIMITED,Financial Services,False
PPK.AX,PPK,PPK GROUP LIMITED,Materials,False
PPS.AX,PPS,PRAEMIUM LIMITED,Software & Services,False
PL9.AX,PL9,PRAIRIE LITHIUM LIMITED,Materials,False
PDI.AX,PDI,PREDICTIVE DISCOVERY LIMITED,Materials,False
PMV.AX,PMV,PREMIER INVESTMENTS LIMITED,Consumer Discretionary Distribution & Retail,False
PLC.AX,PLC,PREMIER1 LITHIUM LIMITED,Materials,False
PTX.AX,PTX,PRESCIENT THERAPEUTICS LIMITED,"Pharmaceuticals, Biotechnology & Life Sciences",False
PTL.AX,PTL,PRESTAL HOLDINGS LIMITED,Household & Personal Products,False
PFG.AX,PFG,PRIME FINANCIAL GROUP LIMITED,Financial Services,False
PRG.AX,PRG,PRL GLOBAL LTD,Materials,False
PME.AX,PME,PRO MEDICUS LIMITED,Health Care Equipment & Services,False
PPG.AX,PPG,PRO-PAC PACKAGING LIMITED,Materials,False
PRX.AX,PRX,PRODIGY GOLD NL,Materials,False
PRM.AX,PRM,PROMINENCE ENERGY LIMITED,Energy,False
PFP.AX,PFP,PROPEL FUNERAL PARTNERS LIMITED,Consumer Services,False
PRO.AX,PRO,PROPHECY INTERNATIONAL HOLDINGS LIMITED,Software & Services,False
PSC.AX,PSC,PROSPECT RESOURCES LIMITED,Materials,False
PIQ.AX,PIQ,PROTEOMICS INTERNATIONAL LABORATORIES LTD,"Pharmaceuticals, Biotechnology & Life Sciences",False
PV1.AX,PV1,PROVARIS ENERGY LTD,Energy,False
PTR.AX,PTR,PTR MINERALS LTD,Materials,False
PFT.AX,PFT,PURE FOODS TASMANIA LIMITED,"Food, Beverage & Tobacco",False
P1E.AX,P1E,PURE ONE CORPORATION LIMITED,Energy,False
PR1.AX,PR1,PURE RESOURCES LIMITED,Materials,False
PPL.AX,PPL,PUREPROFILE LTD,Media & Entertainment,False
PUR.AX,PUR,PURSUIT MINERALS LTD,Materials,False
PVW.AX,PVW,PVW RESOURCES LIMITED,Materials,False
PWH.AX,PWH,PWR HOLDINGS LIMITED,Automobiles & Components,False
PYC.AX,PYC,PYC THERAPEUTICS LIMITED,"Pharmaceuticals, Biotechnology & Life Sciences",False
QAN.AX,QAN,QANTAS AIRWAYS LIMITED,Transportation,False
QBE.AX,QBE,QBE INSURANCE GROUP LIMITED,Insurance,False
QEM.AX,QEM,QEM LIMITED,Materials,False
QML.AX,QML,QMINES LIMITED,Materials,False
QOR.AX,QOR,QORIA LIMITED,Software & Services,False
QPM.AX,QPM,QPM ENERGY LIMITED,Materials,False
QAL.AX,QAL,QUALITAS LIMITED,Real Estate Management & Development,False
QRI.AX,QRI,QUALITAS REAL ESTATE INCOME FUND,Financial Services,False
QGL.AX,QGL,QUANTUM GRAPHITE LIMITED,Materials,False
QUB.AX,QUB,QUBE HOLDINGS LIMITED,Transportation,False
QUE.AX,QUE,QUESTE COMMUNICATIONS LIMITED,Financial Services,False
QFE.AX,QFE,QUICKFEE LIMITED,Financial Services,False
QXR.AX,QXR,QX RESOURCES LIMITED,Materials,False
RAC.AX,RAC,RACURA ONCOLOGY LTD,"Pharmaceuticals, Biotechnology & Life Sciences",False
RAD.AX,RAD,RADIOPHARM THERANOSTICS LIMITED,"Pharmaceuticals, Biotechnology & Life Sciences",False
RAG.AX,RAG,RAGNAR METALS LIMITED,Materials,False
RAS.AX,RAS,RAGUSA MINERALS LTD,Materials,False
RDN.AX,RDN,RAIDEN RESOURCES LIMITED,Materials,False
RZI.AX,RZI,RAIZ INVEST LIMITED,Financial Services,False
RMS.AX,RMS,RAMELIUS RESOURCES LIMITED,Materials,False
RHC.AX,RHC,RAMSAY HEALTH CARE LIMITED,Health Care Equipment & Services,False
RND.AX,RND,RAND MINING LIMITED,Materials,False
RAN.AX,RAN,RANGE INTERNATIONAL LIMITED,Materials,False
RCM.AX,RCM,RAPID CRITICAL METALS LIMITED,Materials,False
RAP.AX,RAP,RAPTOR METALS LTD,Materials,False
REE.AX,REE,RAREX LIMITED,Materials,False
RTH.AX,RTH,RAS TECHNOLOGY HOLDINGS LIMITED,Commercial & Professional Services,False
RBR.AX,RBR,RBR GROUP LIMITED,Materials,False
REA.AX,REA,REA GROUP LTD,Media & Entertainment,False
RR1.AX,RR1,REACH RESOURCES LIMITED,Materials,False
RCL.AX,RCL,READCLOUD LIMITED,Software & Services,False
RDY.AX,RDY,READYTECH HOLDINGS LIMITED,Software & Services,False
RCE.AX,RCE,RECCE PHARMACEUTICALS LTD,"Pharmaceuticals, Biotechnology & Life Sciences",False
REC.AX,REC,RECHARGE METALS LIMITED,Materials,False
RKN.AX,RKN,RECKON LIMITED,Software & Services,False
RFT.AX,RFT,RECTIFIER TECHNOLOGIES LTD,Capital Goods,False
RHI.AX,RHI,RED HILL MINERALS LIMITED,Materials,False
RDM.AX,RDM,RED METAL LIMITED,Materials,False
RMX.AX,RMX,RED MOUNTAIN MINING LIMITED,Materials,False
ROG.AX,ROG,RED SKY ENERGY LIMITED.,Energy,False
RC1.AX,RC1,REDCASTLE RESOURCES LIMITED,Materials,False
RIL.AX,RIL,REDIVIUM LIMITED,Materials,False
RDX.AX,RDX,REDOX LIMITED,Capital Goods,False
RDS.AX,RDS,REDSTONE RESOURCES LIMITED,Materials,False
REH.AX,REH,REECE LIMITED,Capital Goods,False
RLC.AX,RLC,REEDY LAGOON CORPORATION LIMITED,Materials,False
RCT.AX,RCT,REEF CASINO TRUST,Consumer Services,False
RPL.AX,RPL,REGAL PARTNERS LIMITED,Financial Services,False
R8R.AX,R8R,REGENER8 RESOURCES NL,Materials,False
REG.AX,REG,REGIS HEALTHCARE LIMITED,Health Care Equipment & Services,False
RRL.AX,RRL,REGIS RESOURCES LIMITED,Materials,False
RWC.AX,RWC,RELIANCE WORLDWIDE CORPORATION LIMITED,Capital Goods,False
REM.AX,REM,REMSENSE TECHNOLOGIES LIMITED,Capital Goods,False
RNU.AX,RNU,RENASCOR RESOURCES LIMITED,Materials,False
RNX.AX,RNX,RENEGADE EXPLORATION LIMITED,Materials,False
RNV.AX,RNV,RENERVE LIMITED,Health Care Equipment & Services,False
RNT.AX,RNT,RENT.COM.AU LIMITED,Media & Entertainment,False
RMC.AX,RMC,RESIMAC GROUP LTD,Financial Services,False
RMD.AX,RMD,RESMED INC,Health Care Equipment & Services,False
RSG.AX,RSG,RESOLUTE MINING LIMITED,Materials,False
RML.AX,RML,RESOLUTION MINERALS LTD,Materials,False
RHT.AX,RHT,RESONANCE HEALTH LIMITED,Health Care Equipment & Services,False
RBX.AX,RBX,RESOURCE BASE LIMITED.,Materials,False
RMI.AX,RMI,RESOURCE MINERALS INTERNATIONAL LTD,Materials,False
REZ.AX,REZ,RESOURCES & ENERGY GROUP LIMITED,Materials,False
RAU.AX,RAU,RESOURO STRATEGIC METALS INC.,Materials,False
RFG.AX,RFG,RETAIL FOOD GROUP LIMITED,Consumer Services,False
RRR.AX,RRR,REVOLVER RESOURCES HOLDINGS LTD,Materials,False
RWD.AX,RWD,REWARD MINERALS LTD,Materials,False
RHY.AX,RHY,RHYTHM BIOSCIENCES LIMITED,Health Care Equipment & Services,False
SGL.AX,SGL,RICEGROWERS LIMITED,"Food, Beverage & Tobacco",False
RVT.AX,RVT,RICHMOND VANADIUM TECHNOLOGY LIMITED,Materials,False
RIC.AX,RIC,RIDLEY CORPORATION LIMITED,"Food, Beverage & Tobacco",False
RIE.AX,RIE,RIEDEL RESOURCES LIMITED,Materials,False
RRE.AX,RRE,RIGHT RESOURCES LIMITED,Materials,False
RIM.AX,RIM,RIMFIRE PACIFIC MINING LIMITED,Materials,False
RCR.AX,RCR,RINCON RESOURCES LIMITED,Materials,False
RIO.AX,RIO,RIO TINTO LIMITED,Materials,False
RIV.AX,RIV,RIVCO AUSTRALIA LTD,Utilities,False
RGL.AX,RGL,RIVERSGOLD LIMITED,Materials,False
RLF.AX,RLF,RLF AGTECH LTD,Materials,False
RMY.AX,RMY,RMA GLOBAL LIMITED,Media & Entertainment,False
RXR.AX,RXR,ROBEX RESOURCES INC.,Materials,False
ROC.AX,ROC,ROCKETBOOTS LIMITED,Software & Services,False
RKT.AX,RKT,ROCKETDNA LTD.,Technology Hardware & Equipment,False
RKB.AX,RKB,ROKEBY RESOURCES LIMITED,Materials,False
RON.AX,RON,RONIN RESOURCES LTD,Materials,False
RLG.AX,RLG,ROOLIFE GROUP LTD,Media & Entertainment,False
RXL.AX,RXL,ROX RESOURCES LIMITED,Materials,False
RPM.AX,RPM,RPM AUTOMOTIVE GROUP LIMITED,Automobiles & Components,False
RTG.AX,RTG,RTG MINING INC.,Materials,False
RWL.AX,RWL,RUBICON WATER LIMITED,Technology Hardware & Equipment,False
RB6.AX,RB6,RUBIX RESOURCES LIMITED,Materials,False
RTR.AX,RTR,RUMBLE RESOURCES LIMITED,Materials,False
RYM.AX,RYM,RYMAN HEALTHCARE LIMITED,Health Care Equipment & Services,False
S2R.AX,S2R,S2 RESOURCES LTD,Materials,False
SBR.AX,SBR,SABRE RESOURCES LIMITED,Materials,False
SRH.AX,SRH,SAFEROADS HOLDINGS LIMITED,Transportation,False
SAN.AX,SAN,SAGALIO ENERGY LIMITED,Energy,False
SLD.AX,SLD,"SALUDA MEDICAL, INC.",Health Care Equipment & Services,False
SFR.AX,SFR,SANDFIRE RESOURCES LIMITED,Materials,False
SFM.AX,SFM,SANTA FE MINERALS LTD,Materials,False
SMI.AX,SMI,SANTANA MINERALS LIMITED,Materials,False
STO.AX,STO,SANTOS LIMITED,Energy,False
SRR.AX,SRR,SARAMA RESOURCES LTD,Materials,False
SGA.AX,SGA,SARYTOGAN GRAPHITE LIMITED,Materials,False
STN.AX,STN,SATURN METALS LIMITED,Materials,False
SND.AX,SND,SAUNDERS INTERNATIONAL LIMITED,Capital Goods,False
SVG.AX,SVG,SAVANNAH GOLDFIELDS LIMITED,Materials,False
SCP.AX,SCP,SCALARE PARTNERS HOLDINGS LIMITED,Financial Services,False
SFC.AX,SFC,SCHAFFER CORPORATION LIMITED,Automobiles & Components,False
SDV.AX,SDV,SCIDEV LTD,Materials,False
SCN.AX,SCN,SCORPION MINERALS LIMITED,Materials,False
SCT.AX,SCT,SCOUT SECURITY LIMITED,Consumer Services,False
SDI.AX,SDI,SDI LIMITED,Health Care Equipment & Services,False
SEA.AX,SEA,SEA FOREST LIMITED,"Food, Beverage & Tobacco",False
SFG.AX,SFG,SEAFARMS GROUP LIMITED,"Food, Beverage & Tobacco",False
SN8.AX,SN8,SECURELINK NETWORKS LIMITED,Software & Services,False
SEK.AX,SEK,SEEK LIMITED,Media & Entertainment,False
SHV.AX,SHV,SELECT HARVESTS LIMITED,"Food, Beverage & Tobacco",False
SEN.AX,SEN,SENETAS CORPORATION LIMITED,Technology Hardware & Equipment,False
SNS.AX,SNS,SENSEN NETWORKS LIMITED,Software & Services,False
SNM.AX,SNM,SENTINEL METALS LIMITED,Materials,False
SEQ.AX,SEQ,SEQUOIA FINANCIAL GROUP LTD,Financial Services,False
SKO.AX,SKO,SERKO LIMITED,Software & Services,False
SRV.AX,SRV,SERVCORP LIMITED,Real Estate Management & Development,False
SSM.AX,SSM,SERVICE STREAM LIMITED,Capital Goods,False
SGH.AX,SGH,SGH LIMITED,Capital Goods,False
SHA.AX,SHA,SHAPE AUSTRALIA CORPORATION LIMITED,Capital Goods,False
SSG.AX,SSG,SHAVER SHOP GROUP LIMITED,Consumer Discretionary Distribution & Retail,False
SFX.AX,SFX,SHEFFIELD RESOURCES LIMITED,Materials,False
SHJ.AX,SHJ,SHINE JUSTICE LTD,Consumer Services,False
SHM.AX,SHM,SHRIRO HOLDINGS LIMITED,Consumer Durables & Apparel,False
SNX.AX,SNX,SIERRA NEVADA GOLD INC.,Materials,False
SSL.AX,SSL,SIETEL LIMITED,Real Estate Management & Development,False
SIG.AX,SIG,SIGMA HEALTHCARE LIMITED,Health Care Equipment & Services,False
SLX.AX,SLX,SILEX SYSTEMS LIMITED,Capital Goods,False
SVL.AX,SVL,SILVER MINES LIMITED,Materials,False
SIS.AX,SIS,SIMBLE SOLUTIONS LIMITED,Software & Services,False
SIO.AX,SIO,SIMONDS GROUP LIMITED,Consumer Durables & Apparel,False
SGM.AX,SGM,SIMS LIMITED,Materials,False
SHG.AX,SHG,SINGULAR HEALTH GROUP LTD,Health Care Equipment & Services,False
SNG.AX,SNG,SIREN GOLD LIMITED,Materials,False
SDR.AX,SDR,SITEMINDER LIMITED,Software & Services,False
SIV.AX,SIV,SIV CAPITAL LIMITED,Capital Goods,False
SKN.AX,SKN,SKIN ELEMENTS LIMITED,Household & Personal Products,False
SKS.AX,SKS,SKS TECHNOLOGIES GROUP LIMITED,Capital Goods,False
SKY.AX,SKY,SKY METALS LIMITED,Materials,False
SKT.AX,SKT,SKY NETWORK TELEVISION LIMITED.,Media & Entertainment,False
SKC.AX,SKC,SKYCITY ENTERTAINMENT GROUP LIMITED,Consumer Services,False
SKM.AX,SKM,SKYLARK MINERALS LIMITED,Materials,False
SPZ.AX,SPZ,SMART PARKING LIMITED,Commercial & Professional Services,False
SIQ.AX,SIQ,SMARTGROUP CORPORATION LTD,Commercial & Professional Services,False
SOC.AX,SOC,SOCO CORPORATION LTD,Software & Services,False
SLA.AX,SLA,SOLARA MINERALS LTD,Materials,False
SLM.AX,SLM,SOLIS MINERALS LIMITED,Materials,False
SLS.AX,SLS,SOLSTICE MINERALS LIMITED,Materials,False
SVR.AX,SVR,SOLVAR LIMITED,Financial Services,False
SMM.AX,SMM,SOMERSET MINERALS LIMITED,Materials,False
SOM.AX,SOM,SOMNOMED LIMITED,Health Care Equipment & Services,False
SHL.AX,SHL,SONIC HEALTHCARE LIMITED,Health Care Equipment & Services,False
SHP.AX,SHP,SOUTH HARZ POTASH LTD,Materials,False
S32.AX,S32,SOUTH32 LIMITED,Materials,False
SXE.AX,SXE,SOUTHERN CROSS ELECTRICAL ENGINEERING LTD,Capital Goods,False
SX2.AX,SX2,SOUTHERN CROSS GOLD CONSOLIDATED LTD.,Materials,False
SXL.AX,SXL,SOUTHERN CROSS MEDIA GROUP LIMITED,Media & Entertainment,False
SUH.AX,SUH,SOUTHERN HEMISPHERE MINING LIMITED,Materials,False
SPD.AX,SPD,SOUTHERN PALLADIUM LIMITED,Materials,False
SVM.AX,SVM,SOVEREIGN METALS LIMITED,Materials,False
SPA.AX,SPA,SPACETALK LTD,Software & Services,False
SPN.AX,SPN,SPARC TECHNOLOGIES LIMITED,Materials,False
SPK.AX,SPK,SPARK NEW ZEALAND LIMITED,Telecommunication Services,False
SPG.AX,SPG,SPC GLOBAL HOLDINGS LTD,"Food, Beverage & Tobacco",False
SP3.AX,SP3,SPECTUR LIMITED,Technology Hardware & Equipment,False
SPX.AX,SPX,SPENDA LIMITED,Software & Services,False
SEG.AX,SEG,SPORTS ENTERTAINMENT GROUP LIMITED,Media & Entertainment,False
SHO.AX,SHO,SPORTSHERO LIMITED,Media & Entertainment,False
SIX.AX,SIX,SPRINTEX LIMITED,Automobiles & Components,False
SQX.AX,SQX,SQX RESOURCES LIMITED,Materials,False
SRG.AX,SRG,SRG GLOBAL LIMITED,Capital Goods,False
SRJ.AX,SRJ,SRJ TECHNOLOGIES GROUP PLC,Energy,False
SSH.AX,SSH,SSH GROUP LTD,Energy,False
SBM.AX,SBM,ST BARBARA LIMITED,Materials,False
SGQ.AX,SGQ,ST GEORGE MINING LIMITED,Materials,False
SKK.AX,SKK,STAKK LIMITED,Telecommunication Services,False
SMR.AX,SMR,STANMORE RESOURCES LIMITED,Materials,False
S66.AX,S66,STAR COMBO PHARMA LIMITED,Household & Personal Products,False
SMS.AX,SMS,STAR MINERALS LIMITED,Materials,False
SPL.AX,SPL,STARPHARMA HOLDINGS LIMITED,"Pharmaceuticals, Biotechnology & Life Sciences",False
GAS.AX,GAS,STATE GAS LIMITED,Energy,False
SVY.AX,SVY,STAVELY MINERALS LIMITED,Materials,False
SDF.AX,SDF,STEADFAST GROUP LIMITED,Insurance,False
SGI.AX,SGI,STEALTH GROUP HOLDINGS LTD,Capital Goods,False
SST.AX,SST,STEAMSHIPS TRADING COMPANY LIMITED,Capital Goods,False
SLB.AX,SLB,STELAR METALS LIMITED,Materials,False
SRZ.AX,SRZ,STELLAR RESOURCES LIMITED,Materials,False
STP.AX,STP,STEP ONE CLOTHING LIMITED,Consumer Discretionary Distribution & Retail,False
STH.AX,STH,STEPCHANGE HOLDINGS LIMITED,Software & Services,False
SHE.AX,SHE,STONEHORSE ENERGY LIMITED,Energy,False
STG.AX,STG,STRAKER LIMITED,Media & Entertainment,False
SRT.AX,SRT,STRATA INVESTMENT HOLDINGS PLC,Materials,False
SMX.AX,SMX,STRATA MINERALS LIMITED.,Materials,False
SOR.AX,SOR,STRATEGIC ELEMENTS LIMITED,Financial Services,False
SER.AX,SER,STRATEGIC ENERGY RESOURCES LIMITED,Materials,False
SP8.AX,SP8,STREAMPLAY STUDIO LIMITED,Media & Entertainment,False
STK.AX,STK,STRICKLAND METALS LIMITED,Materials,False
STX.AX,STX,STRIKE ENERGY LIMITED,Energy,False
SRK.AX,SRK,STRIKE RESOURCES LIMITED,Materials,False
SMN.AX,SMN,STRUCTURAL MONITORING SYSTEMS PLC,Technology Hardware & Equipment,False
SLZ.AX,SLZ,SULTAN RESOURCES LTD,Materials,False
SNZ.AX,SNZ,SUMMERSET GROUP HOLDINGS LIMITED,Health Care Equipment & Services,False
SUM.AX,SUM,SUMMIT MINERALS LIMITED,Materials,False
SS1.AX,SS1,SUN SILVER LIMITED,Materials,False
SUN.AX,SUN,SUNCORP GROUP LIMITED,Insurance,False
SRL.AX,SRL,SUNRISE ENERGY METALS LIMITED,Materials,False
SHN.AX,SHN,SUNSHINE METALS LIMITED,Materials,False
STM.AX,STM,SUNSTONE METALS LTD,Materials,False
SUL.AX,SUL,SUPER RETAIL GROUP LIMITED,Consumer Discretionary Distribution & Retail,False
SPQ.AX,SPQ,SUPERIOR RESOURCES LIMITED,Materials,False
SLC.AX,SLC,SUPERLOOP LIMITED,Telecommunication Services,False
SNL.AX,SNL,SUPPLY NETWORK LIMITED,Consumer Discretionary Distribution & Retail,False
SRN.AX,SRN,SUREFIRE RESOURCES NL,Materials,False
STV.AX,STV,SWIFT TV LTD,Media & Entertainment,False
SWP.AX,SWP,SWOOP HOLDINGS LIMITED,Telecommunication Services,False
SYL.AX,SYL,SYMAL GROUP LIMITED,Capital Goods,False
SOP.AX,SOP,SYNERTEC CORPORATION LIMITED,Commercial & Professional Services,False
SM1.AX,SM1,SYNLAIT MILK LIMITED,"Food, Beverage & Tobacco",False
SNT.AX,SNT,SYNTARA LIMITED,"Pharmaceuticals, Biotechnology & Life Sciences",False
SYR.AX,SYR,SYRAH RESOURCES LIMITED,Materials,False
TAH.AX,TAH,TABCORP HOLDINGS LIMITED,Consumer Services,False
T88.AX,T88,TAITON RESOURCES LIMITED,Materials,False
TLG.AX,TLG,TALGA GROUP LTD,Materials,False
TD1.AX,TD1,TALI DIGITAL LIMITED,Health Care Equipment & Services,False
TR2.AX,TR2,TALI RESOURCES LTD,Materials,False
TLM.AX,TLM,TALISMAN MINING LIMITED,Materials,False
TAL.AX,TAL,TALIUS GROUP LIMITED,Software & Services,False
TXR.AX,TXR,TALONX RESOURCES LIMITED,Materials,False
TWD.AX,TWD,TAMAWOOD LIMITED,Consumer Durables & Apparel,False
TBN.AX,TBN,TAMBORAN RESOURCES CORPORATION,Energy,False
TMB.AX,TMB,TAMBOURAH METALS LTD,Materials,False
TAM.AX,TAM,TANAMI GOLD NL,Materials,False
TR8.AX,TR8,TARRINA RESOURCES LIMITED,Consumer Staples Distribution & Retail,False
TAT.AX,TAT,TARTANA MINERALS LIMITED,Materials,False
TAR.AX,TAR,TARUGA MINERALS LIMITED,Materials,False
TFL.AX,TFL,TASFOODS LIMITED,"Food, Beverage & Tobacco",False
TAS.AX,TAS,TASMAN RESOURCES LTD,Materials,False
TEA.AX,TEA,TASMEA LIMITED,Capital Goods,False
TIP.AX,TIP,TEAMINVEST PRIVATE GROUP LIMITED,Financial Services,False
TG1.AX,TG1,TECHGEN METALS LTD,Materials,False
TNE.AX,TNE,TECHNOLOGY ONE LIMITED,Software & Services,False
TLX.AX,TLX,TELIX PHARMACEUTICALS LIMITED,"Pharmaceuticals, Biotechnology & Life Sciences",False
TLS.AX,TLS,TELSTRA GROUP LIMITED,Telecommunication Services,False
TIO.AX,TIO,TEMAS RESOURCES CORP.,Materials,False
TEM.AX,TEM,TEMPEST MINERALS LIMITED,Materials,False
TPW.AX,TPW,TEMPLE & WEBSTER GROUP LTD,Consumer Discretionary Distribution & Retail,False
TMS.AX,TMS,TENNANT MINERALS LIMITED,Materials,False
T92.AX,T92,TERRA CRITICAL MINERALS LIMITED,Energy,False
TM1.AX,TM1,TERRA METALS LIMITED,Energy,False
TER.AX,TER,TERRACOM LIMITED,Energy,False
TGH.AX,TGH,TERRAGEN HOLDINGS LIMITED,Materials,False
TMX.AX,TMX,TERRAIN MINERALS LIMITED,Materials,False
TZN.AX,TZN,TERRAMIN AUSTRALIA LIMITED.,Materials,False
TSO.AX,TSO,TESORO GOLD LTD,Materials,False
TTX.AX,TTX,TETRATHERIX LIMITED,"Pharmaceuticals, Biotechnology & Life Sciences",False
TG6.AX,TG6,TG METALS LIMITED,Materials,False
A2M.AX,A2M,THE A2 MILK COMPANY LIMITED,"Food, Beverage & Tobacco",False
AU1.AX,AU1,THE AGENCY GROUP AUSTRALIA LTD,Real Estate Management & Development,False
WAG.AX,WAG,THE AUSTRALIAN WEALTH ADVISORS GROUP LIMITED,Financial Services,False
CCO.AX,CCO,THE CALMER CO INTERNATIONAL LIMITED,Household & Personal Products,False
HPC.AX,HPC,THE HYDRATION PHARMACEUTICALS COMPANY LIMITED,Household & Personal Products,False
TLC.AX,TLC,THE LOTTERY CORPORATION LIMITED,Consumer Services,False
SGR.AX,SGR,THE STAR ENTERTAINMENT GROUP LIMITED,Consumer Services,False
TGM.AX,TGM,THETA GOLD MINES LIMITED,Materials,False
THR.AX,THR,THOR ENERGY PLC,Materials,False
1TT.AX,1TT,THRIVE TRIBE TECHNOLOGIES LIMITED,Software & Services,False
TIA.AX,TIA,TIAN AN AUSTRALIA LIMITED,Real Estate Management & Development,False
TIG.AX,TIG,TIGERS REALM COAL LIMITED,Materials,False
TML.AX,TML,TIMAH RESOURCES LIMITED,Utilities,False
TNY.AX,TNY,TINYBEANS GROUP LTD,Media & Entertainment,False
TRP.AX,TRP,TISSUE REPAIR LTD,"Pharmaceuticals, Biotechnology & Life Sciences",False
TTM.AX,TTM,TITAN MINERALS LIMITED,Materials,False
TSL.AX,TSL,TITANIUM SANDS LIMITED,Materials,False
TTT.AX,TTT,TITOMIC LIMITED,Materials,False
TVN.AX,TVN,TIVAN LIMITED,Materials,False
TOU.AX,TOU,TLOU ENERGY LIMITED,Energy,False
TMK.AX,TMK,TMK ENERGY LIMITED,Energy,False
TOK.AX,TOK,TOLU MINERALS LIMITED.,Materials,False
TEE.AX,TEE,TOP END ENERGY LIMITED,Energy,False
TOE.AX,TOE,TORO ENERGY LIMITED,Energy,False
TOR.AX,TOR,TORQUE METALS LIMITED..,Materials,False
TRE.AX,TRE,TOUBANI RESOURCES LIMITED,Materials,False
TVL.AX,TVL,TOUCH VENTURES LIMITED,Financial Services,False
THL.AX,THL,TOURISM HOLDINGS RENTALS LIMITED,Transportation,False
TWR.AX,TWR,TOWER LIMITED,Insurance,False
TPC.AX,TPC,TPC CONSOLIDATED LIMITED,Utilities,False
TPG.AX,TPG,TPG TELECOM LIMITED.,Telecommunication Services,False
TRJ.AX,TRJ,TRAJAN GROUP HOLDINGS LIMITED,"Pharmaceuticals, Biotechnology & Life Sciences",False
TCO.AX,TCO,TRANSMETRO CORPORATION LIMITED,Consumer Services,False
TCL.AX,TCL,TRANSURBAN GROUP,Transportation,False
TWE.AX,TWE,TREASURY WINE ESTATES LIMITED,"Food, Beverage & Tobacco",False
TKM.AX,TKM,TREK METALS LIMITED,Materials,False
TEG.AX,TEG,TRIANGLE ENERGY (GLOBAL) LIMITED,Energy,False
TBR.AX,TBR,TRIBUNE RESOURCES LIMITED,Materials,False
TON.AX,TON,TRITON MINERALS LTD,Materials,False
TRI.AX,TRI,TRIVARX LTD,Health Care Equipment & Services,False
TNC.AX,TNC,TRUE NORTH COPPER LIMITED,Materials,False
TRM.AX,TRM,TRUSCOTT MINING CORPORATION LIMITED,Materials,False
TRU.AX,TRU,TRUSCREEN GROUP LIMITED,Health Care Equipment & Services,False
TUA.AX,TUA,TUAS LIMITED,Telecommunication Services,False
TGN.AX,TGN,TUNGSTEN MINING NL,Materials,False
TCG.AX,TCG,TURACO GOLD LIMITED,Materials,False
TRA.AX,TRA,TURNERS AUTOMOTIVE GROUP LIMITED,Consumer Discretionary Distribution & Retail,False
TSK.AX,TSK,TUSKER MINERALS LTD,Materials,False
TYX.AX,TYX,TYRANNA RESOURCES LIMITED,Materials,False
TYR.AX,TYR,TYRO PAYMENTS LIMITED,Financial Services,False
TZL.AX,TZL,TZ LIMITED,Technology Hardware & Equipment,False
USL.AX,USL,UNICO SILVER LIMITED,Materials,False
UOS.AX,UOS,UNITED OVERSEAS AUSTRALIA LIMITED,Real Estate Management & Development,False
UNT.AX,UNT,UNITH LTD,Media & Entertainment,False
UM1.AX,UM1,UNITY METALS LIMITED,Materials,False
UBI.AX,UBI,UNIVERSAL BIOSENSORS INC.,Health Care Equipment & Services,False
UNI.AX,UNI,UNIVERSAL STORE HOLDINGS LIMITED,Consumer Discretionary Distribution & Retail,False
UBN.AX,UBN,URBANISE.COM LIMITED,Software & Services,False
USC.AX,USC,US1 CRITICAL MINERALS LIMITED,Materials,False
UCM.AX,UCM,USCOM LIMITED,Health Care Equipment & Services,False
VR8.AX,VR8,VANADIUM RESOURCES LIMITED,Materials,False
VAR.AX,VAR,VARISCAN MINES LIMITED,Materials,False
VAU.AX,VAU,VAULT MINERALS LIMITED,Materials,False
VBX.AX,VBX,VBX LIMITED,Materials,False
VR1.AX,VR1,VECTION TECHNOLOGIES LTD,Software & Services,False
VBS.AX,VBS,VECTUS BIOSYSTEMS LIMITED,"Pharmaceuticals, Biotechnology & Life Sciences",False
VEE.AX,VEE,VEEM LTD,Capital Goods,False
VMS.AX,VMS,VENARI MINERALS NL,Materials,False
VNT.AX,VNT,VENTIA SERVICES GROUP LIMITED,Capital Goods,False
VMC.AX,VMC,VENUS METALS CORPORATION LIMITED,Materials,False
VBC.AX,VBC,VERBREC LIMITED,Capital Goods,False
VRS.AX,VRS,VERIS LIMITED,Commercial & Professional Services,False
VRL.AX,VRL,VERITY RESOURCES LIMITED,Materials,False
VTX.AX,VTX,VERTEX MINERALS LIMITED,Materials,False
VHM.AX,VHM,VHM LIMITED,Materials,False
VIG.AX,VIG,VICTOR GROUP HOLDINGS LIMITED,Software & Services,False
VTM.AX,VTM,VICTORY METALS LIMITED,Materials,False
VKA.AX,VKA,VIKING MINES LIMITED,Materials,False
VEN.AX,VEN,VINTAGE ENERGY LTD,Energy,False
VNL.AX,VNL,VINYL GROUP LTD,Software & Services,False
VGN.AX,VGN,VIRGIN AUSTRALIA HOLDINGS LIMITED.,Transportation,False
VMM.AX,VMM,VIRIDIS MINING AND MINERALS LIMITED,Materials,False
VFX.AX,VFX,VISIONFLEX GROUP LIMITED,Health Care Equipment & Services,False
VGL.AX,VGL,VISTA GROUP INTERNATIONAL LIMITED.,Software & Services,False
VLS.AX,VLS,VITA LIFE SCIENCES LIMITED..,"Pharmaceuticals, Biotechnology & Life Sciences",False
VTA.AX,VTA,VITA RESOURCES NL,Materials,False
VML.AX,VML,VITAL METALS LIMITED,Materials,False
VHL.AX,VHL,VITASORA HEALTH LIMITED,Health Care Equipment & Services,False
VFY.AX,VFY,VITRAFY LIFE SCIENCES LIMITED,"Pharmaceuticals, Biotechnology & Life Sciences",False
VIT.AX,VIT,VITURA HEALTH LIMITED,Health Care Equipment & Services,False
VEA.AX,VEA,VIVA ENERGY GROUP LIMITED,Energy,False
VVA.AX,VVA,VIVA LEISURE LIMITED,Consumer Services,False
VMT.AX,VMT,VMOTO LIMITED,Automobiles & Components,False
VPR.AX,VPR,VOLT GROUP LIMITED,Utilities,False
VRC.AX,VRC,VOLT RESOURCES LIMITED,Materials,False
VSR.AX,VSR,VOLTAIC STRATEGIC RESOURCES LTD,Energy,False
VRX.AX,VRX,VRX SILICA LIMITED,Materials,False
VUL.AX,VUL,VULCAN ENERGY RESOURCES LIMITED,Materials,False
VSL.AX,VSL,VULCAN STEEL LIMITED,Materials,False
VYS.AX,VYS,VYSARN LIMITED,Materials,False
WAK.AX,WAK,WA KAOLIN LIMITED,Materials,False
WA1.AX,WA1,WA1 RESOURCES LTD,Materials,False
WGN.AX,WGN,WAGNERS HOLDING COMPANY LIMITED,Materials,False
WTM.AX,WTM,WARATAH MINERALS LIMITED,Materials,False
SOL.AX,SOL,WASHINGTON H. SOUL PATTINSON AND COMPANY LIMITED,Financial Services,False
WAT.AX,WAT,WATERCO LIMITED,Consumer Durables & Apparel,False
W2V.AX,W2V,WAY 2 VAT LTD.,Software & Services,False
WEB.AX,WEB,WEB TRAVEL GROUP LIMITED,Consumer Services,False
WJL.AX,WJL,WEBJET GROUP LIMITED,Consumer Services,False
WBT.AX,WBT,WEEBIT NANO LTD,Semiconductors & Semiconductor Equipment,False
WNX.AX,WNX,WELLNEX LIFE LIMITED,"Food, Beverage & Tobacco",False
WES.AX,WES,WESFARMERS LIMITED,Consumer Discretionary Distribution & Retail,False
WAF.AX,WAF,WEST AFRICAN RESOURCES LIMITED,Materials,False
WCE.AX,WCE,WEST COAST SILVER LIMITED,Materials,False
WC1.AX,WC1,WEST COBAR METALS LIMITED,Materials,False
WWI.AX,WWI,WEST WITS MINING LIMITED,Materials,False
WSR.AX,WSR,WESTAR RESOURCES LIMITED,Materials,False
WGR.AX,WGR,WESTERN GOLD RESOURCES LIMITED.,Materials,False
WMG.AX,WMG,WESTERN MINES GROUP LTD,Materials,False
WYX.AX,WYX,WESTERN YILGARN NL,Materials,False
WGX.AX,WGX,WESTGOLD RESOURCES LIMITED.,Materials,False
WBC.AX,WBC,WESTPAC BANKING CORPORATION,Banks,False
WSI.AX,WSI,WESTSTAR INDUSTRIAL LIMITED,Materials,False
WCN.AX,WCN,WHITE CLIFF MINERALS LIMITED,Materials,False
WEC.AX,WEC,WHITE ENERGY COMPANY LIMITED,Energy,False
WHC.AX,WHC,WHITEHAVEN COAL LIMITED,Energy,False
WHK.AX,WHK,WHITEHAWK LIMITED,Software & Services,False
WIA.AX,WIA,WIA GOLD LIMITED,Materials,False
WOA.AX,WOA,WIDE OPEN AGRICULTURE LTD,"Food, Beverage & Tobacco",False
WC8.AX,WC8,WILDCAT RESOURCES LIMITED,Materials,False
WIN.AX,WIN,WIN METALS LTD,Materials,False
WEL.AX,WEL,WINCHESTER ENERGY LTD,Energy,False
WNR.AX,WNR,WINGARA AG LTD,"Food, Beverage & Tobacco",False
WR1.AX,WR1,WINSOME RESOURCES LIMITED,Materials,False
WTN.AX,WTN,WINTON LAND LIMITED,Real Estate Management & Development,False
WTC.AX,WTC,WISETECH GLOBAL LIMITED,Software & Services,False
WWG.AX,WWG,WISEWAY GROUP LIMITED,Transportation,False
WZR.AX,WZR,WISR LIMITED,Financial Services,False
WDS.AX,WDS,WOODSIDE ENERGY GROUP LTD,Energy,False
WOW.AX,WOW,WOOLWORTHS GROUP LIMITED,Consumer Staples Distribution & Retail,False
WOR.AX,WOR,WORLEY LIMITED,Capital Goods,False
WOT.AX,WOT,WOTSO,Real Estate Management & Development,False
WRK.AX,WRK,WRKR LTD,Software & Services,False
WTL.AX,WTL,WT FINANCIAL GROUP LIMITED,Financial Services,False
X2M.AX,X2M,X2M CONNECT LIMITED,Technology Hardware & Equipment,False
XGL.AX,XGL,XAMBLE GROUP LIMITED,Media & Entertainment,False
XRA.AX,XRA,XENORA MINERALS LTD,Materials,False
XRO.AX,XRO,XERO LIMITED,Software & Services,False
XPD.AX,XPD,XPEDRA RESOURCES LIMITED,Materials,False
XPN.AX,XPN,XPON TECHNOLOGIES GROUP LIMITED,Software & Services,False
XRG.AX,XRG,XREALITY GROUP LTD,Consumer Services,False
XF1.AX,XF1,XREF LIMITED,Software & Services,False
XRF.AX,XRF,XRF SCIENTIFIC LIMITED,Capital Goods,False
XST.AX,XST,XSTATE RESOURCES LIMITED,Energy,False
YAL.AX,YAL,YANCOAL AUSTRALIA LIMITED,Energy,False
YRL.AX,YRL,YANDAL RESOURCES LIMITED,Materials,False
YAR.AX,YAR,YARI MINERALS LIMITED,Materials,False
YOJ.AX,YOJ,YOJEE LIMITED,Software & Services,False
YOW.AX,YOW,YOWIE GROUP LTD,"Food, Beverage & Tobacco",False
YUG.AX,YUG,YUGO METALS LIMITED,Materials,False
ZLD.AX,ZLD,ZELIRA THERAPEUTICS LIMITED,"Pharmaceuticals, Biotechnology & Life Sciences",False
ZNC.AX,ZNC,ZENITH MINERALS LIMITED,Materials,False
ZEO.AX,ZEO,ZEOTECH LIMITED,Materials,False
ZEU.AX,ZEU,ZEUS RESOURCES LIMITED,Energy,False
ZGL.AX,ZGL,ZICOM GROUP LIMITED,Capital Goods,False
ZMM.AX,ZMM,ZIMI LIMITED,Technology Hardware & Equipment,False
ZIM.AX,ZIM,ZIMPLATS HOLDINGS LIMITED,Materials,False
ZMI.AX,ZMI,ZINC OF IRELAND NL,Materials,False
ZIP.AX,ZIP,ZIP CO LIMITED..,Financial Services,False
ZNO.AX,ZNO,ZOONO GROUP LIMITED,Materials,False
ZAG.AX,ZAG,ZULEIKA GOLD LIMITED,Materials,False
